{"f78320dd3843a03e":{"schema":{"kSTable":"f78320dd3843a03e","kJFields":{"kSType":"J","kSRequired":"1","kJKeys":{"id":{"kSType":"S","kRFormat":"^[0-9]{17}[a-f0-9]{15}$","kSBytes":"32","kSNormalization":"","kSLowerCase":"1","kSRequired":"0"},"name":{"kSType":"S","kRFormat":"^[a-z0-9_]{1,32}$","kSBytes":"32","kSNormalization":"","kSLowerCase":"1","kSRequired":"1"},"name_hash":{"kSType":"S","kRFormat":"^[a-f0-9]{64}$","kSBytes":"64","kSNormalization":"","kSLowerCase":"1","kSRequired":"1"},"description":{"kSType":"S","kRFormat":"","kSBytes":"512","kSNormalization":"","kSLowerCase":"0","kSRequired":"0"},"version":{"kSType":"S","kRFormat":"^(([0-9]{1})|([1-9]{1}[0-9]+))(\\.(([0-9]{1})|([1-9]{1}[0-9]+)))(\\.(([0-9]{1})|([1-9]{1}[0-9]+)))$","kSBytes":"16","kSNormalization":"","kSLowerCase":"0","kSRequired":"0"},"template":{"kSType":"S","kRFormat":"((^$)|(^((file)|(application-v1))$))","kSBytes":"64","kSNormalization":"","kSLowerCase":"1","kSRequired":"0"},"template_file":{"kSType":"S","kRFormat":"((^$)|(\\.(json)$))","kSBytes":"196","kSNormalization":"NFD","kSLowerCase":"1","kSRequired":"0"},"options_file":{"kSType":"S","kRFormat":"((^$)|(\\.(json)$))","kSBytes":"196","kSNormalization":"NFD","kSLowerCase":"1","kSRequired":"0"},"last_exported":{"kSType":"S","kRFormat":"","kSBytes":"17","kSNormalization":"","kSLowerCase":"0","kSRequired":"0"}}},"kSPrimary":"id","kAUnique":["name_hash"],"kAIndexes":["id","name"],"kJDefaults":{"description":"","version":"0.0.0","template":"","template_file":"","options_file":""},"kJFieldGenerators":{"id":"jsen-sym-generator-default-id","last_exported":"jsen-sym-generator-default-empty"},"kJFieldTransforms":{"last_exported":{"kSFunction":"jsen-sym-transform-default-timestamp","kJOutput":{"kSType":"S","kRFormat":"^[0-9]{17}$","kSBytes":"17","kSNormalization":"","kSLowerCase":"0","kSRequired":"1"}}},"kSTableOriginalFullName":"appdb.uis"},"data":{"_202212101938051566ac38aa82a9bd57":{"id.-":"0","name":"local","name.+":"20221210193805161","name_hash":"618dfe418b3a58a76e66b1b70e04d8aeaefbb8ba14b237358ddf078505c804c1","name_hash.+":"20221210193805161","id":"202212101938051566ac38aa82a9bd57","id.+":"20221210193805161","last_exported":"20231013115403494","last_exported.+":"20231013115403507"},"_2022121019382891210231efba96f8ac":{"id.-":"0","name":"live","name.+":"20221210193828915","name_hash":"62b95dca87508c7a5c52a036a72c868ffbbf26b6d031d9ebebdf2290d39af52d","name_hash.+":"20221210193828915","id":"2022121019382891210231efba96f8ac","id.+":"20221210193828915","last_exported":"20221228053610835","last_exported.+":"20221228053610837"}}},"f78320dd3843a03e.name_hash":{"schema":{},"data":{"_618dfe418b3a58a76e66b1b70e04d8aeaefbb8ba14b237358ddf078505c804c1":{"a":"618dfe418b3a58a76e66b1b70e04d8aeaefbb8ba14b237358ddf078505c804c1","k":"202212101938051566ac38aa82a9bd57","k.+":"20221210193805161"},"_62b95dca87508c7a5c52a036a72c868ffbbf26b6d031d9ebebdf2290d39af52d":{"a":"62b95dca87508c7a5c52a036a72c868ffbbf26b6d031d9ebebdf2290d39af52d","k":"2022121019382891210231efba96f8ac","k.+":"20221210193828915"}}},"75af8dd5af1f7a75":{"schema":{"kSTable":"75af8dd5af1f7a75","kJFields":{"kSType":"J","kSRequired":"1","kJKeys":{"id":{"kSType":"S","kRFormat":"^[0-9]{17}[a-f0-9]{15}$","kSBytes":"32","kSNormalization":"","kSLowerCase":"1","kSRequired":"0"},"name":{"kSType":"S","kRFormat":"^[a-z0-9_]{1,32}$","kSBytes":"32","kSNormalization":"","kSLowerCase":"1","kSRequired":"1"},"name_hash":{"kSType":"S","kRFormat":"^[a-f0-9]{64}$","kSBytes":"64","kSNormalization":"","kSLowerCase":"1","kSRequired":"1"},"remote_contract":{"kSType":"S","kRFormat":"((^$)|(\\.(json)$))","kSBytes":"196","kSNormalization":"NFD","kSLowerCase":"1","kSRequired":"0"},"routing":{"kSType":"S","kRFormat":"^(0|1)$","kSBytes":"1","kSNormalization":"","kSLowerCase":"0","kSRequired":"0"}}},"kSPrimary":"id","kAUnique":["name_hash"],"kAIndexes":["id","name"],"kJDefaults":{"remote_contract":"","routing":"0"},"kJFieldGenerators":{"id":"jsen-sym-generator-default-id"},"kJFieldTransforms":{},"kSTableOriginalFullName":"appdb.doms"},"data":{"_2022121019382237638ba7632d326ec5":{"id.-":"0","name":"db","name.+":"20221210193822380","remote_contract":"appdb.doms/3230323231323130313933383232333736333862613736333264333236656335/remote_contract.json","remote_contract.+":"20231013115400240","name_hash":"d5edd4feb34a92883899c1ea3860cf115063af00bf2075da24bcb4bda01a174a","name_hash.+":"20221210193822380","id":"2022121019382237638ba7632d326ec5","id.+":"20221210193822380","routing":"1","routing.+":"20221210194337257"},"_20221210193835069eddf410363555b6":{"id.-":"0","name":"db","name.+":"20221210193835072","remote_contract":"appdb.doms/3230323231323130313933383335303639656464663431303336333535356236/remote_contract.json","remote_contract.+":"20221228052818812","name_hash":"db4c80735ef923a00cca705640a855d42330b6db6ba16aabedbd90b2db56968f","name_hash.+":"20221210193835072","id":"20221210193835069eddf410363555b6","id.+":"20221210193835072","routing":"1","routing.+":"20221210194330448"}}},"75af8dd5af1f7a75.name_hash":{"schema":{},"data":{"_d5edd4feb34a92883899c1ea3860cf115063af00bf2075da24bcb4bda01a174a":{"a":"d5edd4feb34a92883899c1ea3860cf115063af00bf2075da24bcb4bda01a174a","k":"2022121019382237638ba7632d326ec5","k.+":"20221210193822380"},"_db4c80735ef923a00cca705640a855d42330b6db6ba16aabedbd90b2db56968f":{"a":"db4c80735ef923a00cca705640a855d42330b6db6ba16aabedbd90b2db56968f","k":"20221210193835069eddf410363555b6","k.+":"20221210193835072"}}},"8f9b81f3536e2fea":{"schema":{"kSTable":"8f9b81f3536e2fea","kJFields":{"kSType":"J","kSRequired":"1","kJKeys":{"id":{"kSType":"S","kRFormat":"^[0-9]{17}[a-f0-9]{15}$","kSBytes":"32","kSNormalization":"","kSLowerCase":"1","kSRequired":"1"},"name":{"kSType":"S","kRFormat":"((^\\*$)|(^(\\$dom:(((root)(\\.((DELETE|GET|PATCH|POST|PUT):)(\\/([a-z0-9_]{1,32})))?)|((list|item)(((\\/([a-z0-9_]{1,32}\\.[a-z0-9_]{1,32}))(\\,([a-z0-9_]{1,32}\\.[a-z0-9_]{1,32}))*)|((\\.((DELETE|GET|PATCH|POST|PUT):))((\\/([a-z0-9_]{1,32}\\.[a-z0-9_]{1,32}))(\\,([a-z0-9_]{1,32}\\.[a-z0-9_]{1,32}))*)(\\/([a-z0-9_]{1,32}))?)))))$))","kSBytes":"1024","kSNormalization":"","kSLowerCase":"0","kSRequired":"1"},"name_hash":{"kSType":"S","kRFormat":"^[a-f0-9]{64}$","kSBytes":"64","kSNormalization":"","kSLowerCase":"1","kSRequired":"1"},"is_action":{"kSType":"S","kRFormat":"^(0|1)$","kSBytes":"1","kSNormalization":"","kSLowerCase":"0","kSRequired":"0"},"cmp_dep_type":{"kSType":"S","kRFormat":"((^$)|(^((templatized)|(redirect-to-parent)|(file)|(git)|(git_ssh)|(git_http)|(git_https))$))","kSBytes":"128","kSNormalization":"","kSLowerCase":"1","kSRequired":"0"},"cmp_dep_path":{"kSType":"S","kRFormat":"((^$)|(^((\\/.+\\/)|((.+)\\.git(#.+)?))$))","kSBytes":"2048","kSNormalization":"","kSLowerCase":"0","kSRequired":"0"},"dom_routing_negate":{"kSType":"S","kRFormat":"^(0|1)$","kSBytes":"1","kSNormalization":"","kSLowerCase":"0","kSRequired":"0"},"dom_static_cache":{"kSType":"S","kRFormat":"^(0|1)$","kSBytes":"1","kSNormalization":"","kSLowerCase":"0","kSRequired":"0"}}},"kSPrimary":"id","kAUnique":["name_hash"],"kAIndexes":["id","name"],"kJDefaults":{"is_action":"0","cmp_dep_type":"","cmp_dep_path":"","dom_routing_negate":"0","dom_static_cache":"0"},"kJFieldGenerators":{},"kJFieldTransforms":{},"kSTableOriginalFullName":"appdb.components"},"data":{"_20221210194014573132b5810cce8e96":{"id.-":"0","name":"*","name.+":"20221210194014579","cmp_dep_type":"file","cmp_dep_type.+":"20221210194014579","cmp_dep_path":"/catchall/","cmp_dep_path.+":"20221210194014579","id":"20221210194014573132b5810cce8e96","id.+":"20221210194014579","name_hash":"aca9b423c26712a0c9d81a288a84426fcae2ffa5c58899b30c0089f5051bcc00","name_hash.+":"20221210194014579","is_action":"0","is_action.+":"20221210194014579","dom_routing_negate":"0","dom_routing_negate.+":"20221210194014579","dom_static_cache":"0","dom_static_cache.+":"20221210194014579"},"_20221210194034627928e583e3da430d":{"id.-":"0","name":"$dom:root","name.+":"20221210194034633","cmp_dep_type":"file","cmp_dep_type.+":"20221210194034633","cmp_dep_path":"/resource-root/","cmp_dep_path.+":"20221210194034633","id":"20221210194034627928e583e3da430d","id.+":"20221210194034633","name_hash":"43c1c1c91d1ce93614f70362e37d83e4771d142a5eeb7c11de3f41741a2958cf","name_hash.+":"20221210194034633","is_action":"0","is_action.+":"20221210194034633","dom_routing_negate":"0","dom_routing_negate.+":"20221210194034633","dom_static_cache":"0","dom_static_cache.+":"20221210194034633"},"_20221210194045581d9200926e8e6ca3":{"id.-":"0","name":"$dom:list/db.posts","name.+":"20221210194045585","cmp_dep_type":"redirect-to-parent","cmp_dep_type.+":"20221210194045585","id":"20221210194045581d9200926e8e6ca3","id.+":"20221210194045585","name_hash":"aeb450d53983745398c64a8e23cbbbd53d4ad44e25fd651734782f23e5bb0a14","name_hash.+":"20221210194045585","is_action":"0","is_action.+":"20221210194045585","cmp_dep_path":"","cmp_dep_path.+":"20221210194045585","dom_routing_negate":"0","dom_routing_negate.+":"20221210194045585","dom_static_cache":"0","dom_static_cache.+":"20221210194045585"},"_202212101941123024a7c3d3db288f39":{"id.-":"0","name":"$dom:item/db.posts","name.+":"20221210194112306","cmp_dep_type":"file","cmp_dep_type.+":"20221210194112306","cmp_dep_path":"/resource-item-db-posts/","cmp_dep_path.+":"20221210194112306","id":"202212101941123024a7c3d3db288f39","id.+":"20221210194112306","name_hash":"f071b482463c2483e1398e2f81f20a003defa04213a4c046911f994ce4288eb6","name_hash.+":"20221210194112306","is_action":"0","is_action.+":"20221210194112306","dom_routing_negate":"0","dom_routing_negate.+":"20221210194112306","dom_static_cache":"0","dom_static_cache.+":"20221210194112306"},"_20221210194136782eefa6588cdf7ab7":{"id.-":"0","name":"*","name.+":"20221210194136786","cmp_dep_type":"file","cmp_dep_type.+":"20221210194136786","cmp_dep_path":"/catchall/","cmp_dep_path.+":"20221210194136786","id":"20221210194136782eefa6588cdf7ab7","id.+":"20221210194136786","name_hash":"abe3ca6b4ab7302e4cda1f850724ea7cedf416d2775d86fe9a151c277de3f0d3","name_hash.+":"20221210194136786","is_action":"0","is_action.+":"20221210194136786","dom_routing_negate":"0","dom_routing_negate.+":"20221210194136786","dom_static_cache":"0","dom_static_cache.+":"20221210194136786"},"_202212101941457206a22a60eb554556":{"id.-":"0","name":"$dom:root","name.+":"20221210194145725","cmp_dep_type":"file","cmp_dep_type.+":"20221210194253653","cmp_dep_path":"/resource-root/","cmp_dep_path.+":"20221210194145725","id":"202212101941457206a22a60eb554556","id.+":"20221210194145725","name_hash":"aefa03487be411141df4efa13d25689f95d277629a2515a707f0003be8225519","name_hash.+":"20221210194145725","is_action":"0","is_action.+":"20221210194145725","dom_routing_negate":"0","dom_routing_negate.+":"20221210194145725","dom_static_cache":"1","dom_static_cache.+":"20221210194253653"},"_20221210194153438c10ac770d967ce7":{"id.-":"0","name":"$dom:list/db.posts","name.+":"20221210194153442","cmp_dep_type":"redirect-to-parent","cmp_dep_type.+":"20221210194153442","id":"20221210194153438c10ac770d967ce7","id.+":"20221210194153442","name_hash":"f2ba8e949112add059a12760aef6dd494a2a5401dde3f7e3553b77dece6ac49e","name_hash.+":"20221210194153442","is_action":"0","is_action.+":"20221210194153442","cmp_dep_path":"","cmp_dep_path.+":"20221210194153442","dom_routing_negate":"0","dom_routing_negate.+":"20221210194153442","dom_static_cache":"0","dom_static_cache.+":"20221210194153442"},"_20221210194210193d437db924758be0":{"id.-":"0","name":"$dom:item/db.posts","name.+":"20221210194210197","cmp_dep_type":"file","cmp_dep_type.+":"20221210194210197","cmp_dep_path":"/resource-item-db-posts/","cmp_dep_path.+":"20221210194210197","id":"20221210194210193d437db924758be0","id.+":"20221210194210197","name_hash":"0a7ec2fdbd0c09bbe88d725492e4ed3ea0f038a66447aa67fac4518450f3209f","name_hash.+":"20221210194210197","is_action":"0","is_action.+":"20221210194210197","dom_routing_negate":"0","dom_routing_negate.+":"20221210194210197","dom_static_cache":"0","dom_static_cache.+":"20221210194210197"},"_2022121019430560981be77487fd13bb":{"id.-":"0","name":"$dom:list.GET:/db.posts","name.+":"20221210194305613","cmp_dep_type":"","cmp_dep_type.+":"20221210194320383","id":"2022121019430560981be77487fd13bb","id.+":"20221210194305613","name_hash":"e53e8651cd8d7ca937cad78e681dbbfbef183d21a7113d38a02b2d1aa9d4f58d","name_hash.+":"20221210194305613","is_action":"1","is_action.+":"20221210194305613","cmp_dep_path":"","cmp_dep_path.+":"20221210194305613","dom_routing_negate":"0","dom_routing_negate.+":"20221210194305613","dom_static_cache":"1","dom_static_cache.+":"20221210194320383"},"_20221210194313440ea82dea1c19679c":{"id.-":"0","name":"$dom:item.GET:/db.posts","name.+":"20221210194313444","cmp_dep_type":"","cmp_dep_type.+":"20221210194325574","id":"20221210194313440ea82dea1c19679c","id.+":"20221210194313444","name_hash":"60bf99b224bcb53c3295d1f6cf20bae284cc9f47dad882f4e31ba73156d2c64f","name_hash.+":"20221210194313444","is_action":"1","is_action.+":"20221210194313444","cmp_dep_path":"","cmp_dep_path.+":"20221210194313444","dom_routing_negate":"0","dom_routing_negate.+":"20221210194313444","dom_static_cache":"1","dom_static_cache.+":"20221210194325574"}}},"8f9b81f3536e2fea.name_hash":{"schema":{},"data":{"_aca9b423c26712a0c9d81a288a84426fcae2ffa5c58899b30c0089f5051bcc00":{"a":"aca9b423c26712a0c9d81a288a84426fcae2ffa5c58899b30c0089f5051bcc00","k":"20221210194014573132b5810cce8e96","k.+":"20221210194014579"},"_43c1c1c91d1ce93614f70362e37d83e4771d142a5eeb7c11de3f41741a2958cf":{"a":"43c1c1c91d1ce93614f70362e37d83e4771d142a5eeb7c11de3f41741a2958cf","k":"20221210194034627928e583e3da430d","k.+":"20221210194034633"},"_aeb450d53983745398c64a8e23cbbbd53d4ad44e25fd651734782f23e5bb0a14":{"a":"aeb450d53983745398c64a8e23cbbbd53d4ad44e25fd651734782f23e5bb0a14","k":"20221210194045581d9200926e8e6ca3","k.+":"20221210194045585"},"_f071b482463c2483e1398e2f81f20a003defa04213a4c046911f994ce4288eb6":{"a":"f071b482463c2483e1398e2f81f20a003defa04213a4c046911f994ce4288eb6","k":"202212101941123024a7c3d3db288f39","k.+":"20221210194112306"},"_abe3ca6b4ab7302e4cda1f850724ea7cedf416d2775d86fe9a151c277de3f0d3":{"a":"abe3ca6b4ab7302e4cda1f850724ea7cedf416d2775d86fe9a151c277de3f0d3","k":"20221210194136782eefa6588cdf7ab7","k.+":"20221210194136786"},"_aefa03487be411141df4efa13d25689f95d277629a2515a707f0003be8225519":{"a":"aefa03487be411141df4efa13d25689f95d277629a2515a707f0003be8225519","k":"202212101941457206a22a60eb554556","k.+":"20221210194145725"},"_f2ba8e949112add059a12760aef6dd494a2a5401dde3f7e3553b77dece6ac49e":{"a":"f2ba8e949112add059a12760aef6dd494a2a5401dde3f7e3553b77dece6ac49e","k":"20221210194153438c10ac770d967ce7","k.+":"20221210194153442"},"_0a7ec2fdbd0c09bbe88d725492e4ed3ea0f038a66447aa67fac4518450f3209f":{"a":"0a7ec2fdbd0c09bbe88d725492e4ed3ea0f038a66447aa67fac4518450f3209f","k":"20221210194210193d437db924758be0","k.+":"20221210194210197"},"_e53e8651cd8d7ca937cad78e681dbbfbef183d21a7113d38a02b2d1aa9d4f58d":{"a":"e53e8651cd8d7ca937cad78e681dbbfbef183d21a7113d38a02b2d1aa9d4f58d","k":"2022121019430560981be77487fd13bb","k.+":"20221210194305613"},"_60bf99b224bcb53c3295d1f6cf20bae284cc9f47dad882f4e31ba73156d2c64f":{"a":"60bf99b224bcb53c3295d1f6cf20bae284cc9f47dad882f4e31ba73156d2c64f","k":"20221210194313440ea82dea1c19679c","k.+":"20221210194313444"}}},"23f7c8f8febd839d":{"schema":{"kSTable":"23f7c8f8febd839d","kJFields":{"kSType":"J","kSRequired":"1","kJKeys":{"id":{"kSType":"S","kRFormat":"^[0-9]{17}[a-f0-9]{15}$","kSBytes":"32","kSNormalization":"","kSLowerCase":"1","kSRequired":"0"},"description":{"kSType":"S","kRFormat":"","kSBytes":"255","kSNormalization":"","kSLowerCase":"0","kSRequired":"0"},"rgx":{"kSType":"S","kRFormat":"","kSBytes":"2048","kSNormalization":"","kSLowerCase":"0","kSRequired":"0"},"flg":{"kSType":"S","kRFormat":"^[gimsuy]*$","kSBytes":"6","kSNormalization":"","kSLowerCase":"1","kSRequired":"0"},"help":{"kSType":"S","kRFormat":"","kSBytes":"128","kSNormalization":"","kSLowerCase":"0","kSRequired":"0"},"cmd_dep_type":{"kSType":"S","kRFormat":"((^$)|(^((file)|(git)|(git_ssh)|(git_http)|(git_https))$))","kSBytes":"128","kSNormalization":"","kSLowerCase":"1","kSRequired":"0"},"cmd_dep_path":{"kSType":"S","kRFormat":"((^$)|(^((\\/.+\\/)|((.+)\\.git(#.+)?))$))","kSBytes":"2048","kSNormalization":"","kSLowerCase":"0","kSRequired":"0"}}},"kSPrimary":"id","kAUnique":[],"kAIndexes":["id"],"kJDefaults":{"description":"","rgx":"","flg":"","help":"","cmd_dep_type":"","cmd_dep_path":""},"kJFieldGenerators":{"id":"jsen-sym-generator-default-id"},"kJFieldTransforms":{},"kSTableOriginalFullName":"appdb.commands"},"data":{}},"7c15152577aad031":{"schema":{"kSTable":"7c15152577aad031","kJFields":{"kSType":"J","kSRequired":"1","kJKeys":{"id":{"kSType":"S","kRFormat":"^[0-9]{17}[a-f0-9]{15}$","kSBytes":"32","kSNormalization":"","kSLowerCase":"1","kSRequired":"1"},"name":{"kSType":"S","kRFormat":"^(\\$api:([a-z0-9_]{1,32})\\.(((root)\\.((DELETE|GET|PATCH|POST|PUT):)(\\/([a-z0-9_]{1,32})))|((list|item)\\.((DELETE|GET|PATCH|POST|PUT):)(\\/([a-z0-9_]{1,32}\\.[a-z0-9_]{1,32}))(\\,([a-z0-9_]{1,32}\\.[a-z0-9_]{1,32}))*(\\/([a-z0-9_]{1,32}))?))( \\-\\> expects\\.fields\\[.+\\]))( \\-\\> ((required)|(format)|(maxlength)|(gt)|(gte)|(lt)|(lte)))$","kSBytes":"1024","kSNormalization":"","kSLowerCase":"0","kSRequired":"1"},"name_hash":{"kSType":"S","kRFormat":"^[a-f0-9]{64}$","kSBytes":"64","kSNormalization":"","kSLowerCase":"1","kSRequired":"1"},"field_name":{"kSType":"S","kRFormat":"^[a-zA-Z0-9\\.\\-\\_\\[\\]]+$","kSBytes":"64","kSNormalization":"","kSLowerCase":"1","kSRequired":"1"},"type":{"kSType":"S","kRFormat":"^((required)|(format)|(maxlength)|(gt)|(gte)|(lt)|(lte))$","kSBytes":"9","kSNormalization":"","kSLowerCase":"0","kSRequired":"1"},"message":{"kSType":"S","kRFormat":"","kSBytes":"255","kSNormalization":"","kSLowerCase":"0","kSRequired":"0"},"msg_dep_type":{"kSType":"S","kRFormat":"((^$)|(^((file)|(git)|(git_ssh)|(git_http)|(git_https))$))","kSBytes":"128","kSNormalization":"","kSLowerCase":"1","kSRequired":"0"},"msg_dep_path":{"kSType":"S","kRFormat":"((^$)|(^((\\/.+\\/)|((.+)\\.git(#.+)?))$))","kSBytes":"2048","kSNormalization":"","kSLowerCase":"0","kSRequired":"0"}}},"kSPrimary":"id","kAUnique":["name_hash"],"kAIndexes":["id","name"],"kJDefaults":{"message":"","msg_dep_type":"","msg_dep_path":""},"kJFieldGenerators":{},"kJFieldTransforms":{},"kSTableOriginalFullName":"appdb.warnings"},"data":{}},"7c15152577aad031.name_hash":{"schema":{},"data":{}},"6664d0da7c9ace29":{"schema":{"kSTable":"6664d0da7c9ace29","kJFields":{"kSType":"J","kSRequired":"1","kJKeys":{"id":{"kSType":"S","kRFormat":"^[0-9]{17}[a-f0-9]{15}$","kSBytes":"32","kSNormalization":"","kSLowerCase":"1","kSRequired":"1"},"name":{"kSType":"S","kRFormat":"^(\\$api:([a-z0-9_]{1,32})\\.(((root)\\.((DELETE|GET|PATCH|POST|PUT):)(\\/([a-z0-9_]{1,32})))|((list|item)\\.((DELETE|GET|PATCH|POST|PUT):)(\\/([a-z0-9_]{1,32}\\.[a-z0-9_]{1,32}))(\\,([a-z0-9_]{1,32}\\.[a-z0-9_]{1,32}))*(\\/([a-z0-9_]{1,32}))?)))( \\-\\> ((4|5)[0-9]{2}))$","kSBytes":"1024","kSNormalization":"","kSLowerCase":"0","kSRequired":"1"},"name_hash":{"kSType":"S","kRFormat":"^[a-f0-9]{64}$","kSBytes":"64","kSNormalization":"","kSLowerCase":"1","kSRequired":"1"},"http_status":{"kSType":"N",">":"",">=":"400","<":"","<=":"599","kSMode":"ROUND_UP","kSPlaces":"0","kSRequired":"1"},"message":{"kSType":"S","kRFormat":"","kSBytes":"255","kSNormalization":"","kSLowerCase":"0","kSRequired":"0"},"msg_dep_type":{"kSType":"S","kRFormat":"((^$)|(^((file)|(git)|(git_ssh)|(git_http)|(git_https))$))","kSBytes":"128","kSNormalization":"","kSLowerCase":"1","kSRequired":"0"},"msg_dep_path":{"kSType":"S","kRFormat":"((^$)|(^((\\/.+\\/)|((.+)\\.git(#.+)?))$))","kSBytes":"2048","kSNormalization":"","kSLowerCase":"0","kSRequired":"0"}}},"kSPrimary":"id","kAUnique":["name_hash"],"kAIndexes":["id","name"],"kJDefaults":{"message":"","msg_dep_type":"","msg_dep_path":""},"kJFieldGenerators":{},"kJFieldTransforms":{},"kSTableOriginalFullName":"appdb.errors"},"data":{}},"6664d0da7c9ace29.name_hash":{"schema":{},"data":{}},"07fcd2ed61bca18f":{"schema":{"kSTable":"07fcd2ed61bca18f","kJFields":{"kSType":"J","kSRequired":"1","kJKeys":{"id":{"kSType":"S","kRFormat":"^[0-9]{17}[a-f0-9]{15}$","kSBytes":"32","kSNormalization":"","kSLowerCase":"1","kSRequired":"0"},"name":{"kSType":"S","kRFormat":"^[a-z0-9_]{1,32}$","kSBytes":"32","kSNormalization":"","kSLowerCase":"1","kSRequired":"1"},"name_hash":{"kSType":"S","kRFormat":"^[a-f0-9]{64}$","kSBytes":"64","kSNormalization":"","kSLowerCase":"1","kSRequired":"1"},"bnd_dep_type":{"kSType":"S","kRFormat":"^(([a-z0-9]+)(\\-([a-z0-9]+))*)$","kSBytes":"64","kSNormalization":"","kSLowerCase":"1","kSRequired":"1"},"bnd_cnf_file":{"kSType":"S","kRFormat":"((^$)|(\\.(json)$))","kSBytes":"196","kSNormalization":"NFD","kSLowerCase":"1","kSRequired":"0"}}},"kSPrimary":"id","kAUnique":["name_hash"],"kAIndexes":["id","name"],"kJDefaults":{"bnd_cnf_file":""},"kJFieldGenerators":{"id":"jsen-sym-generator-default-id"},"kJFieldTransforms":{},"kSTableOriginalFullName":"appdb.deployments_for_uis"},"data":{"_2022121019445704173699c6f7caa1ed":{"id.-":"0","name":"development","name.+":"20221210194457044","bnd_dep_type":"vuejs-local-v1","bnd_dep_type.+":"20221210194457044","name_hash":"bd08dcd608506d0ac960e61d68c734f20725eca888ab24df02dfc5add0767aa8","name_hash.+":"20221228052737529","id":"2022121019445704173699c6f7caa1ed","id.+":"20221210194457044"},"_202212280530164725a0ace9e98fbe8f":{"id.-":"0","name":"local","name.+":"20221228053016476","bnd_dep_type":"vuejs-local-v1","bnd_dep_type.+":"20221228053016476","name_hash":"99a0c0d07bfc2e42f17bdd2d5b72d8b03c9bcc4ba4e6ed266649bb1613a354f9","name_hash.+":"20221228053430854","id":"202212280530164725a0ace9e98fbe8f","id.+":"20221228053016476"},"_202212280536077214bfab25123e5c6d":{"id.-":"0","name":"static","name.+":"20221228053607724","bnd_dep_type":"vuejs-local-standalone-v1","bnd_dep_type.+":"20221228053607724","name_hash":"933779ec7f35bfa5913ddcba047f787827f308e2a0bd3d8047fef07ab6914f02","name_hash.+":"20221228054008303","id":"202212280536077214bfab25123e5c6d","id.+":"20221228053607724"},"_20231013105145577a5e511f1898a1a7":{"id.-":"0","name":"resource","name.+":"20231013105145588","bnd_dep_type":"reactjs-local","bnd_dep_type.+":"20231013105145588","name_hash":"c9ee9216353ee48afd079c69a001df0e8622c0a924119ac0d4919f9d0dbfad43","name_hash.+":"20231013113720440","id":"20231013105145577a5e511f1898a1a7","id.+":"20231013105145588"},"_202310131137308932f93719ed3f6c47":{"id.-":"0","name":"vue_resource","name.+":"20231013113730898","bnd_dep_type":"vuejs-local","bnd_dep_type.+":"20231013113730898","name_hash":"b2310f5324066a5f310cd5e9cdf643e50ba5980eee927b9af23289fb9e34e890","name_hash.+":"20231013113730898","id":"202310131137308932f93719ed3f6c47","id.+":"20231013113730898"}}},"07fcd2ed61bca18f.name_hash":{"schema":{},"data":{"_d45d7f35b4c01f44dbea0764a4d8415dd73b6aa0ddd778c93559cb4c2f8a0d74":{"a":"d45d7f35b4c01f44dbea0764a4d8415dd73b6aa0ddd778c93559cb4c2f8a0d74","k":"2022121019445704173699c6f7caa1ed","k.+":"20221210194457044"},"_bd08dcd608506d0ac960e61d68c734f20725eca888ab24df02dfc5add0767aa8":{"a":"bd08dcd608506d0ac960e61d68c734f20725eca888ab24df02dfc5add0767aa8","k":"2022121019445704173699c6f7caa1ed","k.+":"20221228052737529"},"_3bc780c1b3d28ffa2f310a829410cb3b780ec13977797b6b044fd9e8b44c5ef6":{"a":"3bc780c1b3d28ffa2f310a829410cb3b780ec13977797b6b044fd9e8b44c5ef6","k":"202212280530164725a0ace9e98fbe8f","k.+":"20221228053016476"},"_99a0c0d07bfc2e42f17bdd2d5b72d8b03c9bcc4ba4e6ed266649bb1613a354f9":{"a":"99a0c0d07bfc2e42f17bdd2d5b72d8b03c9bcc4ba4e6ed266649bb1613a354f9","k":"202212280530164725a0ace9e98fbe8f","k.+":"20221228053430854"},"_4556bff88ea2b717b4c0da95580bb093faefd75825f1bbd742b4dccc2cc580a4":{"a":"4556bff88ea2b717b4c0da95580bb093faefd75825f1bbd742b4dccc2cc580a4","k":"202212280536077214bfab25123e5c6d","k.+":"20221228053607724"},"_933779ec7f35bfa5913ddcba047f787827f308e2a0bd3d8047fef07ab6914f02":{"a":"933779ec7f35bfa5913ddcba047f787827f308e2a0bd3d8047fef07ab6914f02","k":"202212280536077214bfab25123e5c6d","k.+":"20221228054008303"},"_bf6ee9d5a92ff2a89726eca7058a0205e8643af3a516f2c3ba69c65d5dfd8296":{"a":"bf6ee9d5a92ff2a89726eca7058a0205e8643af3a516f2c3ba69c65d5dfd8296","k":"20231013105145577a5e511f1898a1a7","k.+":"20231013105145588"},"_c9ee9216353ee48afd079c69a001df0e8622c0a924119ac0d4919f9d0dbfad43":{"a":"c9ee9216353ee48afd079c69a001df0e8622c0a924119ac0d4919f9d0dbfad43","k":"20231013105145577a5e511f1898a1a7","k.+":"20231013113720440"},"_b2310f5324066a5f310cd5e9cdf643e50ba5980eee927b9af23289fb9e34e890":{"a":"b2310f5324066a5f310cd5e9cdf643e50ba5980eee927b9af23289fb9e34e890","k":"202310131137308932f93719ed3f6c47","k.+":"20231013113730898"}}},"9379e855a3d51c36":{"schema":{"kSTable":"9379e855a3d51c36","kJFields":{"kSType":"J","kSRequired":"1","kJKeys":{"id":{"kSType":"S","kRFormat":"^[a-f0-9]{64}$","kSBytes":"64","kSNormalization":"","kSLowerCase":"1","kSRequired":"1"},"version":{"kSType":"S","kRFormat":"^(([0-9]{1})|([1-9]{1}[0-9]+))(\\.(([0-9]{1})|([1-9]{1}[0-9]+)))(\\.(([0-9]{1})|([1-9]{1}[0-9]+)))$","kSBytes":"16","kSNormalization":"","kSLowerCase":"0","kSRequired":"1"},"out_cnf_file":{"kSType":"S","kRFormat":"((^$)|(\\.(json)$))","kSBytes":"196","kSNormalization":"NFD","kSLowerCase":"1","kSRequired":"0"},"last_exported":{"kSType":"S","kRFormat":"","kSBytes":"17","kSNormalization":"","kSLowerCase":"0","kSRequired":"0"}}},"kSPrimary":"id","kAUnique":[],"kAIndexes":["id"],"kJDefaults":{"out_cnf_file":""},"kJFieldGenerators":{"last_exported":"jsen-sym-generator-default-empty"},"kJFieldTransforms":{"last_exported":{"kSFunction":"jsen-sym-transform-default-timestamp","kJOutput":{"kSType":"S","kRFormat":"^[0-9]{17}$","kSBytes":"17","kSNormalization":"","kSLowerCase":"0","kSRequired":"1"}}},"kSTableOriginalFullName":"appdb.exports_for_uis"},"data":{"_632a528f6af32bcd922f5247eaddca8fa2d13d2f46162a612dc8ed3cc4263101":{"id.-":"0","id":"632a528f6af32bcd922f5247eaddca8fa2d13d2f46162a612dc8ed3cc4263101","id.+":"20221210194503939","version":"0.0.0","version.+":"20231013115403372","out_cnf_file":"appdb.exports_for_uis/36333261353238663661663332626364393232663532343765616464636138666132643133643266343631363261363132646338656433636334323633313031/out_cnf_file.json","out_cnf_file.+":"20231013115403372","last_exported":"20231013115403367","last_exported.+":"20231013115403372"},"_aec5bb579c158fe03f1477365aafc7edc2140dd7d9b2f4ed539e9253d7cbf66e":{"id.-":"0","id":"aec5bb579c158fe03f1477365aafc7edc2140dd7d9b2f4ed539e9253d7cbf66e","id.+":"20221228053610760","version":"0.0.0","version.+":"20221228053610760","out_cnf_file":"appdb.exports_for_uis/61656335626235373963313538666530336631343737333635616166633765646332313430646437643962326634656435333965393235336437636266363665/out_cnf_file.json","out_cnf_file.+":"20221228053610797","last_exported":"20221228053610757","last_exported.+":"20221228053610760"}}},"x-f78320dd3843a03e-75af8dd5af1f7a75":{"schema":{},"data":{"_202212101938051566ac38aa82a9bd57":{"_2022121019382237638ba7632d326ec5":{"k":"202212101938051566ac38aa82a9bd57","x":"2022121019382237638ba7632d326ec5","v":"1","v.+":"20221210193822389"}},"_2022121019382891210231efba96f8ac":{"_20221210193835069eddf410363555b6":{"k":"2022121019382891210231efba96f8ac","x":"20221210193835069eddf410363555b6","v":"1","v.+":"20221210193835081"}}}},"x-75af8dd5af1f7a75-8f9b81f3536e2fea":{"schema":{},"data":{"_2022121019382237638ba7632d326ec5":{"_20221210194014573132b5810cce8e96":{"k":"2022121019382237638ba7632d326ec5","x":"20221210194014573132b5810cce8e96","v":"1","v.+":"20221210194014586"},"_20221210194034627928e583e3da430d":{"k":"2022121019382237638ba7632d326ec5","x":"20221210194034627928e583e3da430d","v":"1","v.+":"20221210194034640"},"_20221210194045581d9200926e8e6ca3":{"k":"2022121019382237638ba7632d326ec5","x":"20221210194045581d9200926e8e6ca3","v":"1","v.+":"20221210194045594"},"_202212101941123024a7c3d3db288f39":{"k":"2022121019382237638ba7632d326ec5","x":"202212101941123024a7c3d3db288f39","v":"1","v.+":"20221210194112313"}},"_20221210193835069eddf410363555b6":{"_20221210194136782eefa6588cdf7ab7":{"k":"20221210193835069eddf410363555b6","x":"20221210194136782eefa6588cdf7ab7","v":"1","v.+":"20221210194136793"},"_202212101941457206a22a60eb554556":{"k":"20221210193835069eddf410363555b6","x":"202212101941457206a22a60eb554556","v":"1","v.+":"20221210194145733"},"_20221210194153438c10ac770d967ce7":{"k":"20221210193835069eddf410363555b6","x":"20221210194153438c10ac770d967ce7","v":"1","v.+":"20221210194153449"},"_20221210194210193d437db924758be0":{"k":"20221210193835069eddf410363555b6","x":"20221210194210193d437db924758be0","v":"1","v.+":"20221210194210204"},"_2022121019430560981be77487fd13bb":{"k":"20221210193835069eddf410363555b6","x":"2022121019430560981be77487fd13bb","v":"1","v.+":"20221210194305620"},"_20221210194313440ea82dea1c19679c":{"k":"20221210193835069eddf410363555b6","x":"20221210194313440ea82dea1c19679c","v":"1","v.+":"20221210194313451"}}}},"x-8f9b81f3536e2fea-23f7c8f8febd839d":{"schema":{},"data":{}},"x-8f9b81f3536e2fea-7c15152577aad031":{"schema":{},"data":{}},"x-8f9b81f3536e2fea-6664d0da7c9ace29":{"schema":{},"data":{}},"x-f78320dd3843a03e-07fcd2ed61bca18f":{"schema":{},"data":{"_202212101938051566ac38aa82a9bd57":{"_2022121019445704173699c6f7caa1ed":{"k":"202212101938051566ac38aa82a9bd57","x":"2022121019445704173699c6f7caa1ed","v":"0","v.+":"20221228052737529"},"_202212280530164725a0ace9e98fbe8f":{"k":"202212101938051566ac38aa82a9bd57","x":"202212280530164725a0ace9e98fbe8f","v":"0","v.+":"20221228053430854"},"_20231013105145577a5e511f1898a1a7":{"k":"202212101938051566ac38aa82a9bd57","x":"20231013105145577a5e511f1898a1a7","v":"0","v.+":"20231013113720440"},"_202310131137308932f93719ed3f6c47":{"k":"202212101938051566ac38aa82a9bd57","x":"202310131137308932f93719ed3f6c47","v":"1","v.+":"20231013113730922"}},"_2022121019382891210231efba96f8ac":{"_202212280536077214bfab25123e5c6d":{"k":"2022121019382891210231efba96f8ac","x":"202212280536077214bfab25123e5c6d","v":"0","v.+":"20221228054008303"}}}},"x-f78320dd3843a03e-9379e855a3d51c36":{"schema":{},"data":{"_202212101938051566ac38aa82a9bd57":{"_632a528f6af32bcd922f5247eaddca8fa2d13d2f46162a612dc8ed3cc4263101":{"k":"202212101938051566ac38aa82a9bd57","x":"632a528f6af32bcd922f5247eaddca8fa2d13d2f46162a612dc8ed3cc4263101","v":"1","v.+":"20221210194503947"}},"_2022121019382891210231efba96f8ac":{"_aec5bb579c158fe03f1477365aafc7edc2140dd7d9b2f4ed539e9253d7cbf66e":{"k":"2022121019382891210231efba96f8ac","x":"aec5bb579c158fe03f1477365aafc7edc2140dd7d9b2f4ed539e9253d7cbf66e","v":"1","v.+":"20221228053610767"}}}}}