{"e45cf8d45c8b43a1":{"schema":{"kSTable":"e45cf8d45c8b43a1","kJFields":{"kSType":"J","kSRequired":"1","kJKeys":{"id":{"kSType":"S","kRFormat":"^[0-9]{17}[a-f0-9]{15}$","kSBytes":"32","kSNormalization":"","kSLowerCase":"1","kSRequired":"0"},"name":{"kSType":"S","kRFormat":"^[a-z0-9_]{1,32}$","kSBytes":"32","kSNormalization":"","kSLowerCase":"1","kSRequired":"1"},"name_hash":{"kSType":"S","kRFormat":"^[a-f0-9]{64}$","kSBytes":"64","kSNormalization":"","kSLowerCase":"1","kSRequired":"1"},"description":{"kSType":"S","kRFormat":"","kSBytes":"512","kSNormalization":"","kSLowerCase":"0","kSRequired":"0"},"version":{"kSType":"S","kRFormat":"^(([0-9]{1})|([1-9]{1}[0-9]+))(\\.(([0-9]{1})|([1-9]{1}[0-9]+)))(\\.(([0-9]{1})|([1-9]{1}[0-9]+)))$","kSBytes":"16","kSNormalization":"","kSLowerCase":"0","kSRequired":"0"},"max_exec_time":{"kSType":"N",">":"",">=":"1000","<":"","<=":"60000","kSMode":"ROUND_UP","kSPlaces":"0","kSRequired":"0"},"time_safe":{"kSType":"S","kRFormat":"^(0|1)$","kSBytes":"1","kSNormalization":"","kSLowerCase":"0","kSRequired":"0"},"bucket_max_exec_time":{"kSType":"N",">":"",">=":"1000","<":"","<=":"60000","kSMode":"ROUND_UP","kSPlaces":"0","kSRequired":"0"},"bucket_secure_read_window":{"kSType":"N",">":"",">=":"60","<":"","<=":"86400","kSMode":"ROUND_UP","kSPlaces":"0","kSRequired":"0"},"bucket_upload_window":{"kSType":"N",">":"",">=":"60","<":"","<=":"600","kSMode":"ROUND_UP","kSPlaces":"0","kSRequired":"0"},"bucket_upload_max_size":{"kSType":"N",">":"",">=":"1000","<":"","<=":"1000000000","kSMode":"ROUND_UP","kSPlaces":"0","kSRequired":"0"},"template":{"kSType":"S","kRFormat":"((^$)|(^((file)|(email-v1)|(identity-v1)|(accounts-v1)|(members-v1)|(application-v1))$))","kSBytes":"64","kSNormalization":"","kSLowerCase":"1","kSRequired":"0"},"template_file":{"kSType":"S","kRFormat":"((^$)|(\\.(json)$))","kSBytes":"196","kSNormalization":"NFD","kSLowerCase":"1","kSRequired":"0"},"options_file":{"kSType":"S","kRFormat":"((^$)|(\\.(json)$))","kSBytes":"196","kSNormalization":"NFD","kSLowerCase":"1","kSRequired":"0"},"classes_file":{"kSType":"S","kRFormat":"((^$)|(\\.(json)$))","kSBytes":"196","kSNormalization":"NFD","kSLowerCase":"1","kSRequired":"0"},"last_exported":{"kSType":"S","kRFormat":"","kSBytes":"17","kSNormalization":"","kSLowerCase":"0","kSRequired":"0"}}},"kSPrimary":"id","kAUnique":["name_hash"],"kAIndexes":["id","name"],"kJDefaults":{"description":"","version":"0.0.0","max_exec_time":"18000","time_safe":"0","bucket_max_exec_time":"18000","bucket_secure_read_window":"300","bucket_upload_window":"300","bucket_upload_max_size":"10000000","template":"","template_file":"","options_file":"","classes_file":""},"kJFieldGenerators":{"id":"jsen-sym-generator-default-id","last_exported":"jsen-sym-generator-default-empty"},"kJFieldTransforms":{"last_exported":{"kSFunction":"./schemas/appdb/apis/last_exported.transformation.js","kJOutput":{"kSType":"S","kRFormat":"^[0-9]{17}$","kSBytes":"17","kSNormalization":"","kSLowerCase":"0","kSRequired":"1"}}},"kSTableOriginalFullName":"appdb.apis"},"data":{"_20221210193107241c24ce74c1b9f7d7":{"id.-":"0","name":"db","name.+":"20221210193107245","name_hash":"1c3c89a4444a382b1a9e2724e8963346e127e6f2c6338188787ebf095bd93561","name_hash.+":"20221210193107245","id":"20221210193107241c24ce74c1b9f7d7","id.+":"20221210193107245","last_exported":"20231013113558432","last_exported.+":"20231013113558436"}}},"e45cf8d45c8b43a1.name_hash":{"schema":{},"data":{"_1c3c89a4444a382b1a9e2724e8963346e127e6f2c6338188787ebf095bd93561":{"a":"1c3c89a4444a382b1a9e2724e8963346e127e6f2c6338188787ebf095bd93561","k":"20221210193107241c24ce74c1b9f7d7","k.+":"20221210193107245"}}},"ac889c3fae9f64c8":{"schema":{"kSTable":"ac889c3fae9f64c8","kJFields":{"kSType":"J","kSRequired":"1","kJKeys":{"id":{"kSType":"S","kRFormat":"^[0-9]{17}[a-f0-9]{15}$","kSBytes":"32","kSNormalization":"","kSLowerCase":"1","kSRequired":"0"},"name":{"kSType":"S","kRFormat":"^[a-z0-9_]{1,32}$","kSBytes":"32","kSNormalization":"","kSLowerCase":"1","kSRequired":"1"},"name_hash":{"kSType":"S","kRFormat":"^[a-f0-9]{64}$","kSBytes":"64","kSNormalization":"","kSLowerCase":"1","kSRequired":"1"},"prefix":{"kSType":"S","kRFormat":"","kSBytes":"64","kSNormalization":"","kSLowerCase":"0","kSRequired":"0"},"primary":{"kSType":"S","kRFormat":"((^$)|(^[a-z0-9_]{1,32}$))","kSBytes":"32","kSNormalization":"","kSLowerCase":"1","kSRequired":"0"}}},"kSPrimary":"id","kAUnique":["name_hash"],"kAIndexes":["id","name"],"kJDefaults":{"prefix":"$","primary":""},"kJFieldGenerators":{"id":"jsen-sym-generator-default-id"},"kJFieldTransforms":{},"kSTableOriginalFullName":"appdb.tables"},"data":{"_202212101931333775a330fa3de91a4d":{"id.-":"0","name":"posts","name.+":"20221210193133381","name_hash":"9c44dc4b637d7f25d94b018deddd5eddc1bd0284831bd538c3cf116b6e032cdf","name_hash.+":"20221210193133381","id":"202212101931333775a330fa3de91a4d","id.+":"20221210193133381","primary":"slug","primary.+":"20221210193213451"}}},"ac889c3fae9f64c8.name_hash":{"schema":{},"data":{"_9c44dc4b637d7f25d94b018deddd5eddc1bd0284831bd538c3cf116b6e032cdf":{"a":"9c44dc4b637d7f25d94b018deddd5eddc1bd0284831bd538c3cf116b6e032cdf","k":"202212101931333775a330fa3de91a4d","k.+":"20221210193133381"}}},"fd0c64a7b6d62708":{"schema":{"kSTable":"fd0c64a7b6d62708","kJFields":{"kSType":"J","kSRequired":"1","kJKeys":{"id":{"kSType":"S","kRFormat":"^[0-9]{17}[a-f0-9]{15}$","kSBytes":"32","kSNormalization":"","kSLowerCase":"1","kSRequired":"0"},"name":{"kSType":"S","kRFormat":"(^(([a-z]{1}[a-z0-9_]{0,31})|(recaptchav2)|(recaptchav3)|(kSLimit)|(kJQuery\\.kSTerm)|(((kJQuery\\.kJFields)|(kJQuery\\.kJFilters)|(kJAlias))\\[[a-z]{1}[a-z0-9_]{0,31}\\]))$)","kSBytes":"64","kSNormalization":"","kSLowerCase":"0","kSRequired":"1"},"name_hash":{"kSType":"S","kRFormat":"^[a-f0-9]{64}$","kSBytes":"64","kSNormalization":"","kSLowerCase":"1","kSRequired":"1"},"type":{"kSType":"S","kRFormat":"^((number)|(string))$","kSBytes":"6","kSNormalization":"","kSLowerCase":"1","kSRequired":"1"},"subtype":{"kSType":"S","kRFormat":"((^$)|(^((enum)|(file_public)|(file_signed))$))","kSBytes":"16","kSNormalization":"","kSLowerCase":"1","kSRequired":"1"},"required":{"kSType":"S","kRFormat":"^(0|1)$","kSBytes":"1","kSNormalization":"","kSLowerCase":"0","kSRequired":"0"},"indexed":{"kSType":"S","kRFormat":"^(0|1)$","kSBytes":"1","kSNormalization":"","kSLowerCase":"0","kSRequired":"0"},"unique":{"kSType":"S","kRFormat":"^(0|1)$","kSBytes":"1","kSNormalization":"","kSLowerCase":"0","kSRequired":"0"},"placeholder":{"kSType":"S","kRFormat":"","kSBytes":"255","kSNormalization":"","kSLowerCase":"0","kSRequired":"0"},"input_type":{"kSType":"S","kRFormat":"((^$)|(^((checkbox)|(color)|(email)|(password)|(tel)|(url))$))","kSBytes":"16","kSNormalization":"","kSLowerCase":"0","kSRequired":"0"},"default":{"kSType":"S","kRFormat":"","kSBytes":"255","kSNormalization":"","kSLowerCase":"0","kSRequired":"0"},"str_rgx":{"kSType":"S","kRFormat":"","kSBytes":"2048","kSNormalization":"","kSLowerCase":"0","kSRequired":"0"},"str_flg":{"kSType":"S","kRFormat":"^[gimsuy]*$","kSBytes":"6","kSNormalization":"","kSLowerCase":"1","kSRequired":"0"},"str_bytes":{"kSType":"N",">":"",">=":"1","<":"","<=":"32768","kSMode":"ROUND_UP","kSPlaces":"0","kSRequired":"0"},"str_norm":{"kSType":"S","kRFormat":"((^$)|(^(NFC|NFD|NFKC|NFKD)$))","kSBytes":"4","kSNormalization":"","kSLowerCase":"0","kSRequired":"0"},"str_lc":{"kSType":"S","kRFormat":"^(0|1)$","kSBytes":"1","kSNormalization":"","kSLowerCase":"0","kSRequired":"0"},"num_rnd":{"kSType":"S","kRFormat":"^(ROUND_UP|ROUND_DOWN|ROUND_CEIL|ROUND_FLOOR|ROUND_HALF_UP|ROUND_HALF_DOWN|ROUND_HALF_EVEN|ROUND_HALF_CEIL|ROUND_HALF_FLOOR)$","kSBytes":"16","kSNormalization":"","kSLowerCase":"0","kSRequired":"0"},"num_places":{"kSType":"N",">":"",">=":"0","<":"","<=":"20","kSMode":"ROUND_UP","kSPlaces":"0","kSRequired":"0"},"num_lbd_type":{"kSType":"S","kRFormat":"((^$)|(^((gt)|(gte))$))","kSBytes":"3","kSNormalization":"","kSLowerCase":"1","kSRequired":"0"},"num_lbd_val":{"kSType":"S","kRFormat":"((^$)|(^((-)?(([0-9]{1})|([1-9]{1}[0-9]+))(\\.[0-9]+)?)$))","kSBytes":"255","kSNormalization":"","kSLowerCase":"0","kSRequired":"0"},"num_ubd_type":{"kSType":"S","kRFormat":"((^$)|(^((lt)|(lte))$))","kSBytes":"3","kSNormalization":"","kSLowerCase":"1","kSRequired":"0"},"num_ubd_val":{"kSType":"S","kRFormat":"((^$)|(^((-)?(([0-9]{1})|([1-9]{1}[0-9]+))(\\.[0-9]+)?)$))","kSBytes":"255","kSNormalization":"","kSLowerCase":"0","kSRequired":"0"},"gen_dep_type":{"kSType":"S","kRFormat":"((^$)|(^((jsen-sym-generator-default-empty)|(jsen-sym-generator-default-id)|(jsen-sym-generator-default-username)|(file)|(git)|(git_ssh)|(git_http)|(git_https))$))","kSBytes":"128","kSNormalization":"","kSLowerCase":"1","kSRequired":"0"},"gen_dep_path":{"kSType":"S","kRFormat":"((^$)|(^((\\/.+\\/)|((.+)\\.git(#.+)?))$))","kSBytes":"2048","kSNormalization":"","kSLowerCase":"0","kSRequired":"0"},"tfm_dep_type":{"kSType":"S","kRFormat":"((^$)|(^((jsen-sym-transform-default-password)|(jsen-sym-transform-default-shortcode)|(jsen-sym-transform-default-timestamp)|(file)|(git)|(git_ssh)|(git_http)|(git_https))$))","kSBytes":"128","kSNormalization":"","kSLowerCase":"1","kSRequired":"0"},"tfm_dep_path":{"kSType":"S","kRFormat":"((^$)|(^((\\/.+\\/)|((.+)\\.git(#.+)?))$))","kSBytes":"2048","kSNormalization":"","kSLowerCase":"0","kSRequired":"0"},"tfm_out_type":{"kSType":"S","kRFormat":"((^$)|(^((number)|(string))$))","kSBytes":"6","kSNormalization":"","kSLowerCase":"1","kSRequired":"0"},"tfm_out_str_rgx":{"kSType":"S","kRFormat":"","kSBytes":"2048","kSNormalization":"","kSLowerCase":"0","kSRequired":"0"},"tfm_out_str_flg":{"kSType":"S","kRFormat":"^[gimsuy]*$","kSBytes":"6","kSNormalization":"","kSLowerCase":"1","kSRequired":"0"},"tfm_out_str_bytes":{"kSType":"N",">":"",">=":"1","<":"","<=":"32768","kSMode":"ROUND_UP","kSPlaces":"0","kSRequired":"0"},"tfm_out_str_norm":{"kSType":"S","kRFormat":"((^$)|(^(NFC|NFD|NFKC|NFKD)$))","kSBytes":"4","kSNormalization":"","kSLowerCase":"0","kSRequired":"0"},"tfm_out_str_lc":{"kSType":"S","kRFormat":"^(0|1)$","kSBytes":"1","kSNormalization":"","kSLowerCase":"0","kSRequired":"0"},"tfm_out_num_rnd":{"kSType":"S","kRFormat":"^(ROUND_UP|ROUND_DOWN|ROUND_CEIL|ROUND_FLOOR|ROUND_HALF_UP|ROUND_HALF_DOWN|ROUND_HALF_EVEN|ROUND_HALF_CEIL|ROUND_HALF_FLOOR)$","kSBytes":"16","kSNormalization":"","kSLowerCase":"0","kSRequired":"0"},"tfm_out_num_places":{"kSType":"N",">":"",">=":"0","<":"","<=":"20","kSMode":"ROUND_UP","kSPlaces":"0","kSRequired":"0"},"tfm_out_num_lbd_type":{"kSType":"S","kRFormat":"((^$)|(^((gt)|(gte))$))","kSBytes":"3","kSNormalization":"","kSLowerCase":"1","kSRequired":"0"},"tfm_out_num_lbd_val":{"kSType":"S","kRFormat":"((^$)|(^((-)?(([0-9]{1})|([1-9]{1}[0-9]+))(\\.[0-9]+)?)$))","kSBytes":"255","kSNormalization":"","kSLowerCase":"0","kSRequired":"0"},"tfm_out_num_ubd_type":{"kSType":"S","kRFormat":"((^$)|(^((lt)|(lte))$))","kSBytes":"3","kSNormalization":"","kSLowerCase":"1","kSRequired":"0"},"tfm_out_num_ubd_val":{"kSType":"S","kRFormat":"((^$)|(^((-)?(([0-9]{1})|([1-9]{1}[0-9]+))(\\.[0-9]+)?)$))","kSBytes":"255","kSNormalization":"","kSLowerCase":"0","kSRequired":"0"},"expects":{"kSType":"S","kRFormat":"((^$)|(^((hidden)|(omitted))$))","kSBytes":"7","kSNormalization":"","kSLowerCase":"1","kSRequired":"0"}}},"kSPrimary":"id","kAUnique":["name_hash"],"kAIndexes":["id","name"],"kJDefaults":{"required":"0","indexed":"0","unique":"0","placeholder":"","input_type":"","default":"","str_rgx":"","str_flg":"","str_bytes":"1","str_norm":"","str_lc":"0","num_rnd":"ROUND_HALF_EVEN","num_places":"0","num_lbd_type":"","num_lbd_val":"","num_ubd_type":"","num_ubd_val":"","gen_dep_type":"","gen_dep_path":"","tfm_dep_type":"","tfm_dep_path":"","tfm_out_type":"","tfm_out_str_rgx":"","tfm_out_str_flg":"","tfm_out_str_bytes":"1","tfm_out_str_norm":"","tfm_out_str_lc":"0","tfm_out_num_rnd":"ROUND_HALF_EVEN","tfm_out_num_places":"0","tfm_out_num_lbd_type":"","tfm_out_num_lbd_val":"","tfm_out_num_ubd_type":"","tfm_out_num_ubd_val":"","expects":""},"kJFieldGenerators":{"id":"jsen-sym-generator-default-id"},"kJFieldTransforms":{},"kSTableOriginalFullName":"appdb.fields"},"data":{"_202212101932134375c9bf31fde4acd0":{"id.-":"0","subtype":"","subtype.+":"20221210193213441","name":"slug","name.+":"20221210193213441","type":"string","type.+":"20221210193213441","required":"1","required.+":"20221210193213441","indexed":"1","indexed.+":"20221210193213441","str_rgx":"[a-z0-9]+(((\\-)|(\\_))[a-z0-9]+)*","str_rgx.+":"20221210193213441","str_bytes":"128","str_bytes.+":"20221210193213441","str_norm":"NFD","str_norm.+":"20221210193213441","str_lc":"1","str_lc.+":"20221210193213441","gen_dep_type":"","gen_dep_type.+":"20221210193213441","name_hash":"46aefd4f58b096bb3b7b939518c951fbe7774196f6348a7d3a0702530ed8f801","name_hash.+":"20221210193213441","id":"202212101932134375c9bf31fde4acd0","id.+":"20221210193213441"},"_2022121019333314760decb629a5e60a":{"id.-":"0","subtype":"","subtype.+":"20221210193333151","name":"title","name.+":"20221210193333151","type":"string","type.+":"20221210193333151","required":"1","required.+":"20221210193333151","indexed":"1","indexed.+":"20221210193333151","str_rgx":"^\\S+","str_rgx.+":"20221210203241628","str_bytes":"128","str_bytes.+":"20221210193333151","str_norm":"","str_norm.+":"20221210203241628","gen_dep_type":"","gen_dep_type.+":"20221210203241628","name_hash":"2c4ed7e55ccb6366a481a7c56cfd7a63238611631e4f6dbe62d181c38efd2459","name_hash.+":"20221210193333151","id":"2022121019333314760decb629a5e60a","id.+":"20221210193333151","placeholder":"","placeholder.+":"20221210203241628","input_type":"","input_type.+":"20221210203241628"},"_20221210193430060f83d3ba0537dc36":{"id.-":"0","subtype":"","subtype.+":"20221210193430064","name":"description","name.+":"20221210193430064","type":"string","type.+":"20221210193430064","indexed":"1","indexed.+":"20221210193430064","str_bytes":"512","str_bytes.+":"20221210193430064","str_norm":"","str_norm.+":"20221210193430064","gen_dep_type":"","gen_dep_type.+":"20221210193430064","name_hash":"5edf79afb2281d4a503013377935e50be17fb9bc46da75d57285f4d56812da9e","name_hash.+":"20221210193430064","id":"20221210193430060f83d3ba0537dc36","id.+":"20221210193430064"},"_2022121019344300448233de769db8b9":{"id.-":"0","subtype":"","subtype.+":"20221210193443009","name":"keywords","name.+":"20221210193443009","type":"string","type.+":"20221210193443009","indexed":"1","indexed.+":"20221210193443009","str_bytes":"512","str_bytes.+":"20221210193443009","str_norm":"","str_norm.+":"20221210193443009","gen_dep_type":"","gen_dep_type.+":"20221210193443009","name_hash":"d372fc52ea2c189925fc85eb04f3090aa2a9176eb484ea5d410bf958ff92f984","name_hash.+":"20221210193443009","id":"2022121019344300448233de769db8b9","id.+":"20221210193443009"}}},"fd0c64a7b6d62708.name_hash":{"schema":{},"data":{"_46aefd4f58b096bb3b7b939518c951fbe7774196f6348a7d3a0702530ed8f801":{"a":"46aefd4f58b096bb3b7b939518c951fbe7774196f6348a7d3a0702530ed8f801","k":"202212101932134375c9bf31fde4acd0","k.+":"20221210193213441"},"_2c4ed7e55ccb6366a481a7c56cfd7a63238611631e4f6dbe62d181c38efd2459":{"a":"2c4ed7e55ccb6366a481a7c56cfd7a63238611631e4f6dbe62d181c38efd2459","k":"2022121019333314760decb629a5e60a","k.+":"20221210193333151"},"_5edf79afb2281d4a503013377935e50be17fb9bc46da75d57285f4d56812da9e":{"a":"5edf79afb2281d4a503013377935e50be17fb9bc46da75d57285f4d56812da9e","k":"20221210193430060f83d3ba0537dc36","k.+":"20221210193430064"},"_d372fc52ea2c189925fc85eb04f3090aa2a9176eb484ea5d410bf958ff92f984":{"a":"d372fc52ea2c189925fc85eb04f3090aa2a9176eb484ea5d410bf958ff92f984","k":"2022121019344300448233de769db8b9","k.+":"20221210193443009"}}},"c5f53fd037276d7a":{"schema":{"kSTable":"c5f53fd037276d7a","kJFields":{"kSType":"J","kSRequired":"1","kJKeys":{"id":{"kSType":"S","kRFormat":"^[a-f0-9]{64}$","kSBytes":"64","kSNormalization":"","kSLowerCase":"1","kSRequired":"1"},"value":{"kSType":"S","kRFormat":"((^$)|(^[a-z0-9_]{1,32}$))","kSBytes":"32","kSNormalization":"","kSLowerCase":"1","kSRequired":"1"},"label":{"kSType":"S","kRFormat":"^\\S+.*$","kSBytes":"128","kSNormalization":"","kSLowerCase":"0","kSRequired":"1"}}},"kSPrimary":"id","kAUnique":[],"kAIndexes":["id"],"kJDefaults":{},"kJFieldGenerators":{},"kJFieldTransforms":{},"kSTableOriginalFullName":"appdb.enums"},"data":{}},"fed99a74454591a7":{"schema":{"kSTable":"fed99a74454591a7","kJFields":{"kSType":"J","kSRequired":"1","kJKeys":{"ext":{"kSType":"S","kRFormat":"^((1)|(2)|(3)|(5)|(7)|(8)|(16)|(113)|(123)|(128)|(256)|(386)|(411)|(565)|(669)|(777)|(001)|(002)|(1dk)|(1tm)|(2bp)|(2dk)|(2dl)|(2mg)|(2sflib)|(3d)|(3d2)|(3dm)|(3dmf)|(3ds)|(3dxml)|(3fr)|(3g2)|(3gp)|(4bt)|(4dp)|(4pl)|(4pm)|(4pp)|(4q)|(4v)|(4xm)|(73i)|(7z)|(82i)|(83i)|(85i)|(86f)|(86i)|(89i)|(8svx)|(8xi)|(92i)|(9xi)|(a)|(a2b)|(a2f)|(a2i)|(a2m)|(a2p)|(a2r)|(a2t)|(a2w)|(a3c)|(a4r)|(a64)|(a8s)|(aa)|(aa3)|(aab)|(aac)|(aae)|(aaf)|(aai)|(aam)|(aar)|(aas)|(aax)|(abc)|(abcddb)|(abh)|(abk)|(abp)|(abr)|(abs)|(abw)|(ac)|(ac1)|(ac1d)|(aca)|(acb)|(acc)|(accdb)|(accde)|(acd)|(acdc)|(ace)|(acf)|(acgi)|(aclcddb)|(acm)|(aco)|(acorn)|(acp)|(acq)|(acs)|(act)|(acv)|(adb)|(adf)|(adg)|(adp)|(adsc)|(adv)|(adz)|(aep)|(aepx)|(af)|(afa)|(afc)|(afdesign)|(aff)|(afio)|(afl)|(afm)|(afp)|(afphoto)|(afpk)|(afpt)|(afpub)|(aftemplate)|(ag)|(agp)|(agr)|(agsc)|(ahk)|(ahx)|(ai)|(aif)|(aifc)|(aiff)|(aim)|(aiml)|(ain)|(aip)|(aipd)|(aks)|(ala)|(alan)|(alb)|(albm)|(alc)|(all)|(alm)|(alp)|(als)|(alz)|(am)|(amb)|(amc)|(amd)|(amf)|(amg)|(ami)|(amos)|(amp)|(amr)|(ams)|(amu)|(amv)|(amxd)|(amz)|(an2)|(an8)|(ani)|(anim)|(animated)|(anm)|(anmb)|(ann)|(ans)|(aoff)|(aoi)|(aon)|(aos)|(ap2)|(ap3)|(apa)|(apalbum)|(apc)|(apd)|(ape)|(apf)|(apfolder)|(apk)|(apl)|(apm)|(apmaster)|(apng)|(app)|(applescript)|(aps)|(apt)|(apv)|(apversion)|(apw)|(apx)|(aq)|(ar)|(ar7)|(arc)|(arf)|(arff)|(arg)|(arh)|(ari)|(arj)|(ark)|(arr)|(art)|(arts)|(arw)|(arx)|(as)|(as4)|(asc)|(ascii)|(asd)|(asdf)|(ase)|(asf)|(ask)|(asl)|(aslx)|(asm)|(asp)|(ast)|(asx)|(at3)|(atf)|(atk)|(atn)|(atom)|(atr)|(au)|(aud)|(aup)|(avb)|(avc)|(avi)|(avif)|(avifs)|(avr)|(avro)|(avs)|(avsc)|(avt)|(avw)|(awb)|(awd)|(awk)|(awp)|(aws)|(aww)|(axc)|(axe)|(ay)|(azw)|(azw3)|(azx)|(b)|(b00)|(b16)|(b3d)|(b3k)|(b4s)|(b6z)|(ba)|(baf)|(bag)|(bai)|(bak)|(baka)|(bam)|(band)|(bar)|(bas)|(bat)|(bb)|(bb0)|(bb1)|(bb2)|(bb4)|(bb5)|(bbg)|(bbm)|(bbs)|(bbsong)|(bc)|(bcc)|(bcd)|(bcf)|(bcif)|(bcpio)|(bct)|(bdb)|(bdf)|(bdm)|(bdmv)|(beam)|(bef)|(bff)|(bfli)|(bga)|(bgb)|(bgi)|(bgl)|(bgp)|(bgw)|(bh)|(bh2pcm)|(bhl)|(bib)|(bibtex)|(bie)|(bif)|(big)|(bik)|(bik2)|(bim)|(bin)|(bit)|(bix)|(bk)|(bk2)|(bkg)|(bks)|(blb)|(bld)|(blend)|(blg)|(block)|(blorb)|(blp)|(bm)|(bmc4)|(bmf)|(bmh)|(bmi)|(bml)|(bmm)|(bmp)|(bmw)|(bmx)|(bnk)|(bny)|(bob)|(bonk)|(boo)|(book)|(bootskin)|(boz)|(bp)|(bp3)|(bpg)|(bpm)|(bps)|(bpx)|(bqy)|(br)|(br3)|(br4)|(brc)|(brf)|(brik)|(brk)|(bro)|(brstm)|(bru)|(brush)|(bs)|(bsa)|(bsb)|(bsc)|(bsh)|(bsi)|(bsn)|(bson)|(bsp)|(bss)|(bsv)|(bt)|(btab)|(btfnt)|(btm)|(btn)|(btpc)|(bum)|(bun)|(bundle)|(buz)|(bw)|(bxu)|(bxy)|(bz)|(bz2)|(c)|(c16)|(c4)|(c4d)|(ca1)|(ca2)|(ca3)|(cab)|(cabal)|(cache)|(cad)|(caf)|(cal)|(cal3d)|(cam)|(cap)|(capnp)|(capx)|(car)|(cas)|(cat)|(catdrawing)|(catmaterial)|(catpart)|(catprocess)|(catproduct)|(caz)|(cb7)|(cba)|(cbm)|(cbr)|(cbt)|(cbz)|(cc)|(cc3)|(cc5)|(ccad)|(ccc)|(cce)|(cch)|(cci)|(ccm)|(cco)|(ccp4)|(ccr)|(ccs)|(cct)|(ccx)|(cd)|(cd5)|(cdf)|(cdk)|(cdl)|(cdm)|(cdr)|(cdt)|(cdu)|(cdx)|(cdxl)|(ce1)|(ce2)|(ce3)|(cel)|(cells)|(cer)|(cex)|(cf)|(cfc)|(cff)|(cfg)|(cfl)|(cfm)|(cfn)|(cfp)|(cfs)|(cft)|(cgi)|(cgm)|(cgr)|(cgx)|(ch)|(ch3)|(cha)|(chan)|(chat)|(che)|(chi)|(chm)|(chn)|(chp)|(chr)|(cht)|(ci)|(cif)|(cin)|(cine)|(cip)|(circ)|(cit)|(ck)|(ckd)|(cl0)|(cl1)|(cl2)|(cl3)|(cl4)|(cl5)|(class)|(clb)|(cle)|(clh)|(clips)|(clj)|(clk)|(clo)|(cloe)|(clp)|(clpi)|(cm)|(cm3)|(cmake)|(cmc)|(cmd)|(cmf)|(cmi)|(cml)|(cmp)|(cmq)|(cmr)|(cms)|(cmu)|(cmv)|(cmx)|(cmy)|(cmz)|(cnv)|(co)|(cob)|(cod)|(coffee)|(col)|(colors)|(com)|(conf)|(cop)|(core3d)|(cot)|(cpa)|(cpc)|(cpd)|(cpf)|(cpg)|(cph)|(cpi)|(cpio)|(cpl)|(cpo)|(cpp)|(cpr)|(cps)|(cpt)|(cpx)|(cr)|(cr2)|(cr3)|(cr8)|(crai)|(cram)|(crd)|(crg)|(cri)|(crl)|(crp)|(crt)|(cru)|(crv)|(crw)|(cs)|(csd)|(csf)|(csh)|(csl)|(cso)|(cson)|(csr)|(css)|(cst)|(csv)|(csvs)|(ct)|(ct1)|(ct2)|(ct3)|(ct4)|(ctm)|(ctx)|(cue)|(cur)|(cursorfx)|(curxptheme)|(cut)|(cv5)|(cvd)|(cvg)|(cvs)|(cvt)|(cvx)|(cwb)|(cwk)|(cws)|(cxt)|(cxx)|(cym)|(d)|(d00)|(d01)|(d3d)|(d64)|(d71)|(d81)|(da1)|(da2)|(da3)|(da4)|(da5)|(dae)|(dag)|(dap)|(dar)|(dart)|(dat)|(data)|(datatype)|(db)|(dbf)|(dbk)|(dbm)|(dbx)|(dc1)|(dcm)|(dcp)|(dcr)|(dcs)|(dct)|(dcx)|(dd)|(ddb)|(ddf)|(ddi)|(ddif)|(dds)|(deb)|(deep)|(deepv)|(def)|(del)|(dem)|(der)|(des)|(desc)|(desktop)|(dev)|(device)|(dex)|(df3)|(dff)|(dfm)|(dfont)|(dft)|(dg1)|(dgc)|(dgi)|(dgk)|(dgn)|(dgp)|(di)|(dia)|(dib)|(dic)|(dict)|(dictionary)|(did)|(dif)|(diff)|(digi)|(dim)|(din)|(dio)|(dir)|(directory)|(dis)|(disc)|(dit)|(dita)|(ditamap)|(ditaval)|(diz)|(djvu)|(dl)|(dll)|(dlp)|(dm2)|(dm3)|(dm4)|(dma)|(dmc)|(dmf)|(dmg)|(dmk)|(dmp)|(dmrproj)|(dms)|(dmsa)|(dmse)|(dmsm)|(dmt)|(dmx)|(dn)|(dng)|(do)|(doc)|(docm)|(docx)|(doo)|(doom)|(dore)|(dos)|(dot)|(dotm)|(dotx)|(dox)|(dp)|(dpa)|(dpdoc)|(dph)|(dpm)|(dpp)|(dpr)|(dpx)|(drawit)|(drg)|(drl)|(drm)|(dro)|(droid)|(drp)|(drs)|(drt)|(drv)|(drw)|(drx)|(drz)|(ds)|(ds2)|(ds4)|(dsc)|(dsf)|(dsflib)|(dsk)|(dsl)|(dsm)|(dsp)|(dss)|(dt0)|(dt1)|(dt2)|(dta)|(dtd)|(dted)|(dtf)|(dtl)|(dtm)|(dtp)|(dts)|(dtshd)|(du1)|(du2)|(dump)|(duo)|(dut)|(dv)|(dvf)|(dvi)|(dvm)|(dw)|(dwb)|(dwc)|(dwd)|(dwf)|(dwfx)|(dwg)|(dwm)|(dws)|(dwt)|(dxb)|(dxf)|(dxr)|(dylan)|(dylib)|(dz)|(e00)|(e01)|(e24)|(e3d)|(e57)|(eaf)|(eas)|(eaz)|(ecc)|(eci)|(ecp)|(ecw)|(ed)|(edb)|(edl)|(edn)|(efi)|(efu)|(efx)|(egg)|(egx)|(eio)|(el)|(elc)|(elf)|(elm)|(emb)|(emd)|(emf)|(eml)|(emz)|(ent)|(env)|(eot)|(epa)|(epi)|(eps)|(epsf)|(epsgmod)|(epsi)|(ept)|(epub)|(erf)|(eri)|(erl)|(erlu)|(ers)|(erv)|(es)|(esc)|(esd)|(esf)|(esm)|(esp)|(esw)|(etb)|(etbu)|(etf)|(etl)|(etx)|(eu)|(eup)|(eva)|(eve)|(evo)|(evp)|(evt)|(evy)|(ex)|(exe)|(exp)|(exr)|(exs)|(eygl)|(eza)|(f)|(f2r)|(f3b)|(f3d)|(f3m)|(f4m)|(f4v)|(f77)|(f90)|(fa)|(faa)|(fac)|(face)|(fact)|(fal)|(familyfile)|(fan)|(far)|(fas)|(fasta)|(fastq)|(fax)|(faxx)|(fb)|(fbi)|(fbk)|(fbm)|(fbs)|(fbx)|(fc)|(fc13)|(fc14)|(fc5)|(fcd)|(fcgi)|(fchs)|(fcm)|(fco)|(fcp)|(fcpbundle)|(fcpxml)|(fcx)|(fdb)|(fdf)|(fdi)|(fdr)|(feature)|(fen)|(ff)|(fff)|(ffli)|(ffn)|(fft)|(fge)|(fgs)|(fh10)|(fh11)|(fh3)|(fh4)|(fh5)|(fh7)|(fh8)|(fh9)|(fif)|(fig)|(fim)|(firpiv)|(fish)|(fit)|(fits)|(fl32)|(fla)|(flac)|(flc)|(fle)|(flf)|(flh)|(fli)|(flif)|(flk)|(flm)|(flo)|(flp)|(flr)|(fls)|(flt)|(flv)|(flx)|(fly)|(fm)|(fmb)|(fmd)|(fmedb)|(fmf)|(fml)|(fmp12)|(fmrpiv)|(fmz)|(fna)|(fnk)|(fnt)|(fntdata)|(fnx)|(fodg)|(fodp)|(fods)|(fodt)|(fog)|(fol)|(folio)|(fon)|(font)|(fop)|(for)|(fossil)|(fountain)|(fp)|(fp2)|(fp3)|(fp5)|(fp7)|(fpd)|(fpf)|(fpr)|(fpt)|(fpx)|(fra)|(framework)|(frdat)|(fref)|(frl)|(frm)|(frn)|(fs)|(fsa)|(fsb)|(fsc)|(fsh)|(fsi)|(fsm)|(fst)|(fsx)|(ft)|(ftb)|(ftc)|(ftd)|(fth)|(fti)|(ftl)|(ftm)|(ftmb)|(ftmd)|(ftmm)|(ftp)|(fts)|(ftw)|(fuif)|(ful)|(fun)|(funk)|(fuz)|(fuzz)|(fwa)|(fws)|(fxg)|(fxm)|(fxp)|(g)|(g10)|(g11)|(g2f)|(g3)|(g64)|(g9b)|(g9s)|(gal)|(gam)|(gar)|(gb)|(gblorb)|(gbproj)|(gbr)|(gbs)|(gca)|(gcd)|(gdf)|(gdi)|(gdl)|(gdm)|(gdoc)|(geany)|(ged)|(gem)|(gen)|(gendex)|(geom)|(gexf)|(gf)|(gfb)|(gfc)|(gft)|(gfx)|(gg)|(ggb)|(ghg)|(gi)|(gif)|(gifv)|(gig)|(gih)|(gis)|(gl)|(gla)|(glb)|(glif)|(glm)|(gltf)|(gm1)|(gma)|(gmc)|(gme)|(gmi)|(gnm)|(gns)|(gnumeric)|(go)|(god)|(goo)|(gp4)|(gpb)|(gph)|(gpl)|(gpr)|(gps)|(gpx)|(gr1)|(gr2)|(gr3)|(gr7)|(gr8)|(gr9)|(gr9p)|(gra)|(graffle)|(grammar)|(grb)|(grd)|(grf)|(gro)|(groovy)|(grp)|(gs0)|(gs1)|(gs2)|(gs3)|(gs4)|(gs5)|(gs6)|(gs7)|(gs8)|(gs9)|(gsd)|(gsf)|(gsflib)|(gsheet)|(gsm)|(gsp)|(gsr)|(gss)|(gsv)|(gt2)|(gtar)|(gtc)|(gtk)|(guide)|(gun)|(gv)|(gwp)|(gx)|(gx1)|(gx2)|(gxl)|(gym)|(gz)|(gzip)|(h)|(h2pattern)|(h2song)|(h5)|(ha)|(hap)|(har)|(harp)|(hbl)|(hbm)|(hci)|(hcrx)|(hcx)|(hdf)|(hdp)|(hdr)|(hdv)|(head)|(hed)|(heic)|(heif)|(help)|(hes)|(hex)|(hf)|(hfc)|(hfs)|(hgl)|(hgt)|(hh)|(him)|(hip)|(hir)|(hjson)|(hki)|(hlb)|(hlf)|(hlp)|(hlr)|(hlsl)|(hmi)|(hmp)|(hmr)|(horcrux)|(hostnames)|(hot)|(hpc)|(hpg)|(hpgl)|(hpi)|(hpk)|(hpm)|(hpp)|(hprj)|(hps)|(hpx)|(hqx)|(hr)|(hr2)|(hrs)|(hrt)|(hru)|(hrx)|(hrz)|(hs)|(hs2)|(hsi)|(hsp)|(hst)|(hta)|(htc)|(htm)|(html)|(htmls)|(htt)|(htx)|(huf)|(huh)|(hut)|(hwp)|(hx)|(hxa)|(hxc)|(hxe)|(hxk)|(hxs)|(hxt)|(hxv)|(hyp)|(i)|(i16)|(i3d)|(i6)|(i7)|(i8)|(iage)|(iam)|(ib3)|(ibd)|(ibi)|(ibk)|(ibp)|(ibq)|(ic)|(ic1)|(ic2)|(ic3)|(ical)|(icalendar)|(icb)|(icc)|(icd)|(ice)|(icl)|(icm)|(icma)|(icn)|(icns)|(ico)|(icon)|(iconpackage)|(icons)|(ics)|(id)|(idc)|(idf)|(idml)|(idms)|(ids)|(idw)|(idx)|(ief)|(iefs)|(ies)|(ifb)|(ifc)|(iff)|(ifl)|(ifo)|(igb)|(ige)|(iges)|(igs)|(ihe)|(iim)|(iimg)|(iip)|(iiq)|(iit)|(ik)|(iklax)|(ilbm)|(ilc)|(ild)|(ily)|(im)|(im1)|(im24)|(im32)|(im8)|(ima)|(imap)|(imb)|(imc)|(imd)|(imf)|(img)|(imi)|(imm)|(imn)|(imp)|(imq)|(imr)|(imt)|(imy)|(in)|(in1)|(in2)|(in3)|(inc)|(ind)|(indd)|(index)|(indt)|(inf)|(infl)|(info)|(ing)|(ini)|(inp)|(ins)|(int)|(iob)|(ip)|(ip2)|(ipa)|(ipc)|(ipf)|(iph)|(ipi)|(ipl)|(ipn)|(ips)|(ipt)|(iptheme)|(ipuz)|(ipynb)|(ir2)|(irg)|(ish)|(isl)|(ism)|(iso)|(isoimg)|(iss)|(ist)|(isu)|(it)|(itbz)|(itgz)|(ithmb)|(itl)|(itlp)|(itr)|(its)|(itz)|(iv)|(ivg)|(ivr)|(ivy)|(iwa)|(iwc)|(j)|(j2c)|(j2k)|(j6i)|(jade)|(jam)|(jar)|(jas)|(jav)|(java)|(jb2)|(jbf)|(jbg)|(jbig)|(jbig2)|(jbr)|(jc)|(jcm)|(jfi)|(jfif)|(jgp)|(jhm)|(jif)|(jigdo)|(jj)|(jl)|(jls)|(jn)|(jng)|(jnlp)|(jnt)|(job)|(jp2)|(jpc)|(jpe)|(jpeg)|(jpf)|(jpg)|(jpk)|(jpm)|(jpn)|(jpo)|(jps)|(jpx)|(jrc)|(js)|(jsl)|(json)|(jsong)|(jsonld)|(jsonlz4)|(jst)|(jsx)|(jt)|(jtd)|(jtp)|(jtt)|(jut)|(jw)|(jwc)|(jwl)|(jwt)|(jxl)|(jxr)|(k)|(k25)|(kap)|(kar)|(kbm)|(kcf)|(kdc)|(kdenlive)|(key)|(kfp)|(kfx)|(kgb)|(kid)|(kif)|(kiff)|(kla)|(kml)|(kmz)|(koa)|(kpl)|(kpr)|(kps)|(kra)|(kris)|(kro)|(ksh)|(ksm)|(kss)|(ksy)|(kt)|(ktx)|(kwc)|(kwi)|(kwz)|(kxs)|(kyg)|(l)|(l30)|(l5k)|(l5x)|(la)|(lam)|(lan)|(las)|(latex)|(laz)|(lbl)|(lbm)|(lbr)|(lbt)|(lbw)|(lbx)|(lck)|(ld2)|(ldbs)|(ldbst)|(ldf)|(ldif)|(ldm)|(lds)|(ldx)|(leo)|(lep)|(level)|(lff)|(lfp)|(lg)|(lgo)|(lha)|(lhs)|(lhx)|(lib)|(library)|(lif)|(life)|(liff)|(lim)|(ling)|(liq)|(list)|(litcoffee)|(ljpeg)|(ljpg)|(lma)|(lmu)|(lnk)|(lnr)|(lnx)|(lock)|(log)|(log1)|(log2)|(logic)|(logicx)|(lol)|(lp3)|(lpd)|(lpk)|(lpr)|(lqr)|(lrc)|(lrcat)|(lrz)|(ls)|(lsb)|(lsm)|(lsp)|(lsproj)|(lss)|(lst)|(lsx)|(lt)|(ltx)|(lua)|(lum)|(lwf)|(lwo)|(lwp)|(lws)|(lxo)|(lxxplot)|(ly)|(lyr)|(lz)|(lz4)|(lza)|(lzc)|(lzd)|(lzh)|(lzma)|(lzo)|(lzp)|(lzr)|(lzs)|(lzw)|(lzx)|(lzz)|(m)|(m1a)|(m1v)|(m2)|(m2a)|(m2k)|(m2ts)|(m2v)|(m3u)|(m4)|(m4a)|(m4b)|(m4p)|(m4r)|(m4v)|(ma)|(mab)|(mac)|(maff)|(mag)|(mak)|(makerbot)|(man)|(manifest)|(map)|(mar)|(marc)|(markdn)|(markdown)|(mars)|(mas)|(mat)|(max)|(maxpat)|(mb)|(mbd)|(mbfavs)|(mbg)|(mbk)|(mbm)|(mbs)|(mbx)|(mc)|(mca)|(mcc)|(mcd)|(mcf)|(mch)|(mci)|(mcl)|(mcp)|(mcpp)|(mcr)|(mcs)|(md)|(md0)|(md2)|(md3)|(md4)|(mda)|(mdb)|(mdc)|(mde)|(mdf)|(mdi)|(mdl)|(mdown)|(mdp)|(mds)|(mdx)|(me)|(med)|(med4)|(mef)|(mei)|(mesh)|(met)|(mf)|(mg1)|(mg2)|(mg4)|(mg8)|(mgf)|(mgp)|(mgr)|(mhp)|(mht)|(mhtml)|(mic)|(mid)|(midi)|(mif)|(miff)|(mig)|(mil)|(mime)|(mine)|(mini2sf)|(minidsf)|(minigsf)|(minipsf)|(minipsf1)|(minipsf2)|(miniqsf)|(minisnsf)|(minissf)|(miniusf)|(mis)|(mix)|(mj2)|(mjf)|(mjp2)|(mjpg)|(mjs)|(mk3d)|(mka)|(mki)|(mks)|(mkv)|(mkw)|(ml)|(ml1)|(mlb)|(mld)|(mle)|(mli)|(mlm)|(mlp)|(mlt)|(mm)|(mm3d)|(mme)|(mmm)|(mmp)|(mmpz)|(mmr)|(mnc)|(mng)|(mnl)|(mo)|(mobi)|(mod)|(modd)|(model)|(moef)|(moff)|(mol)|(mom)|(mon)|(mono)|(moov)|(mos)|(moti)|(motn)|(motr)|(mov)|(movie)|(mozlz4)|(mp1)|(mp2)|(mp3)|(mp4)|(mpa)|(mpc)|(mpe)|(mpeg)|(mpfa)|(mpg)|(mpga)|(mph)|(mpj)|(mpk)|(mpkg)|(mpl)|(mpls)|(mpo)|(mpp)|(mpq)|(mpt)|(mpv)|(mpx)|(mrb)|(mrc)|(mrf)|(mrw)|(ms)|(ms3d)|(msa)|(msf)|(msg)|(msh)|(msha)|(mshc)|(mshi)|(msi)|(msk)|(mso)|(msp)|(msq)|(mss)|(mst)|(msu)|(msv)|(mswmm)|(mt2)|(mtl)|(mtm)|(mtn)|(mtp)|(mtr)|(mts)|(mtv)|(mtw)|(mud)|(mup)|(mur)|(mus)|(musink)|(musx)|(mv)|(mvb)|(mve)|(mvex)|(mvg)|(mvn)|(mw)|(mwand)|(mx1)|(mxf)|(my)|(myd)|(myi)|(mzm)|(mzml)|(mzz)|(nab)|(nam)|(nap)|(naplps)|(nb)|(nc)|(ncd)|(ncm)|(nct)|(ndf)|(ndr)|(nds)|(ndx)|(ned)|(nef)|(neo)|(nff)|(nfo)|(nfp)|(nft)|(ngg)|(nia)|(nic)|(nie)|(nif)|(niff)|(nii)|(nim)|(nix)|(nk2)|(nl)|(nl3)|(nlm)|(nlogo)|(nlq)|(nmind)|(no)|(nol)|(note)|(npf)|(npm)|(npr)|(nrf)|(nrg)|(nrrd)|(nrt)|(nrw)|(nrx)|(nsc)|(nsd)|(nsf)|(nsfe)|(nsh)|(nsi)|(nsk)|(nsl)|(nsp)|(nsr)|(nt)|(ntf)|(ntk)|(numbers)|(nut)|(nvd)|(nw)|(nwc)|(nwd)|(nwf)|(nxi)|(nxs)|(o)|(obj)|(obml)|(obml15)|(obml16)|(obo)|(obp)|(oc3)|(ocd)|(ocp)|(ocx)|(oda)|(odb)|(odc)|(odd)|(odex)|(odf)|(odg)|(odi)|(odict)|(odl)|(odm)|(odp)|(ods)|(odt)|(off)|(ofip)|(ofr)|(ofs)|(oft)|(oga)|(ogg)|(ogm)|(ogv)|(ogx)|(oil)|(okt)|(okta)|(olk)|(olm)|(oma)|(omc)|(omcd)|(omcr)|(ome)|(omf)|(one)|(onepkg)|(onetoc)|(onetoc2)|(oop)|(opa)|(opd)|(opo)|(opus)|(opx)|(ora)|(orf)|(org)|(ort)|(osd)|(osp)|(ost)|(otb)|(otc)|(otf)|(otg)|(oth)|(oti)|(otp)|(ots)|(ott)|(otx)|(out)|(ova)|(ovf)|(ovl)|(oxps)|(p)|(p10)|(p12)|(p2)|(p21)|(p22a)|(p24)|(p30a)|(p3c)|(p3d)|(p40a)|(p40b)|(p4i)|(p50a)|(p5m)|(p5p)|(p60a)|(p61a)|(p64)|(p65)|(p7)|(p7a)|(p7b)|(p7c)|(p7m)|(p7r)|(p7s)|(p9)|(pa3)|(pa6)|(pa7)|(pa8)|(pab)|(pac)|(pack)|(paf)|(pages)|(pak)|(pal)|(pam)|(paq)|(paq8p)|(par)|(par2)|(part)|(pas)|(pat)|(patch)|(pax)|(pb)|(pbf)|(pbm)|(pbn)|(pbo)|(pbx)|(pc1)|(pc2)|(pc3)|(pca)|(pcap)|(pcb)|(pcc)|(pcd)|(pcf)|(pcg)|(pci)|(pck)|(pcl)|(pcm)|(pco)|(pcs)|(pct)|(pcx)|(pd)|(pdb)|(pdd)|(pdf)|(pdfxml)|(pdi)|(pdn)|(pdq)|(pds)|(pdt)|(pdx)|(pe3)|(pe4)|(pea)|(pef)|(pem)|(perf)|(pes)|(pf2)|(pfb)|(pfc)|(pff)|(pfm)|(pfr)|(pfs)|(pft)|(pfunk)|(pfx)|(pg)|(pg0)|(pg1)|(pg2)|(pg3)|(pgc)|(pgf)|(pgm)|(pgml)|(pgn)|(pgr)|(pgx)|(ph)|(php)|(phps)|(pi)|(pi1)|(pi2)|(pi3)|(pi4)|(pi5)|(pi6)|(pi7)|(pi8)|(pi9)|(pic)|(picio)|(pickle)|(pict)|(pid)|(pif)|(pik)|(pika)|(pim)|(pipe)|(pir)|(pis)|(piskel)|(pit)|(pix)|(pixar)|(pixi)|(pixicode)|(pja)|(pjc)|(pjf)|(pjg)|(pjxl)|(pk)|(pk3)|(pkg)|(pki)|(pkm)|(pko)|(pkpass)|(pl)|(pl4)|(pl6)|(pla)|(playground)|(pld)|(plh)|(plist)|(plm)|(pln)|(plt)|(plx)|(ply)|(pm)|(pm3)|(pm4)|(pm5)|(pm6)|(pma)|(pmb)|(pmc)|(pmd)|(pmf)|(pmg)|(pmi)|(pmm)|(pmn)|(pmp)|(pmq)|(pmr)|(pms)|(pmt)|(pmx)|(pn4)|(pnc)|(pnd)|(pnf)|(png)|(pnl)|(pnm)|(pnt)|(pntg)|(po)|(pog)|(pol)|(pot)|(pov)|(pp)|(pp1)|(pp2)|(pp3)|(pp4)|(pp5)|(ppa)|(ppb)|(ppd)|(ppf)|(ppg)|(pph)|(ppm)|(ppn)|(ppp)|(pps)|(ppt)|(pptx)|(ppx)|(ppz)|(pqa)|(pr2)|(pr3)|(pr4)|(prc)|(pre)|(prf)|(prg)|(prj)|(pro)|(project)|(proto)|(prp)|(prs)|(prt)|(prun1)|(prun2)|(ps)|(ps1)|(psa)|(psb)|(psc)|(psd)|(psf)|(psf1)|(psf1lib)|(psf2)|(psf2lib)|(psflib)|(psfu)|(psgmod)|(psi)|(psm)|(psm1)|(psmodel)|(psp)|(pspb)|(pspbrush)|(pspi)|(pspimage)|(pst)|(psx)|(psz)|(pt1)|(pt2)|(pt3)|(pt4)|(pt5)|(ptcop)|(ptf)|(ptg)|(ptk)|(ptm)|(ptnoise)|(ptr)|(pts)|(pttune)|(ptvoice)|(ptx)|(pu)|(pub)|(pud)|(pug)|(pui)|(puma)|(put)|(puz)|(pvk)|(pvu)|(pwc)|(pwi)|(pwm)|(pwp)|(pwx)|(pwz)|(pxa)|(pxd)|(pxi)|(pxm)|(pxr)|(pxs)|(pxt)|(pxx)|(py)|(pyc)|(pyd)|(pyo)|(pyt)|(pyx)|(pz3)|(pzl)|(pzm)|(pzx)|(q)|(q0)|(q4)|(q4d)|(qcow)|(qcow2)|(qcp)|(qd3)|(qd3d)|(qda)|(qdc)|(qdv)|(qfx)|(qif)|(qim)|(qml)|(qpw)|(qqq)|(qrt)|(qs)|(qsf)|(qsflib)|(qsg)|(qt)|(qtc)|(qti)|(qtif)|(qtl)|(quakeml)|(quest)|(quorum)|(qxd)|(qxp)|(r)|(r3d)|(ra)|(rad)|(raf)|(rag)|(ram)|(rap)|(rar)|(ras)|(rast)|(ratfor)|(raw)|(rax)|(ray)|(rb)|(rbc)|(rbf)|(rbj)|(rbn)|(rbw)|(rc)|(rc2)|(rcl)|(rcp)|(rcs)|(rct)|(rcy)|(rd3)|(rd4)|(rdc)|(rdf)|(rdi)|(rds)|(reason)|(red)|(ree)|(reedemo)|(reg)|(rei)|(reidemo)|(relt)|(reltdemo)|(res)|(rex)|(rexx)|(rf)|(rf64)|(rfa)|(rfl)|(rft)|(rgb)|(rgba)|(rgbe)|(rge)|(rgh)|(rib)|(rif)|(rim)|(rip)|(rir)|(rix)|(rk)|(rka)|(rkplr)|(rkt)|(rkv)|(rla)|(rlc)|(rle)|(rle3)|(rlf)|(rli)|(rltd)|(rm)|(rm0)|(rm1)|(rm2)|(rm3)|(rm4)|(rma)|(rmc)|(rmf)|(rmi)|(rmm)|(rmp)|(rmt)|(rmvb)|(rnc)|(rng)|(rni)|(rns)|(rnx)|(rof)|(roff)|(rol)|(rom)|(root)|(rox)|(roxio)|(rp)|(rpf)|(rpg)|(rpm)|(rps)|(rpt)|(rrd)|(rs)|(rsb)|(rsc)|(rsn)|(rsndemo)|(rsrc)|(rss)|(rst)|(rt)|(rtc)|(rte)|(rtf)|(rtfd)|(rtl)|(rtm)|(rtx)|(rule)|(rv)|(rvg)|(rvl)|(rvt)|(rw)|(rw2)|(rwh)|(rwl)|(rws)|(rwx)|(rwz)|(rx2)|(rys)|(rz)|(rzx)|(s)|(s3d)|(s3g)|(s3m)|(s7z)|(sa2)|(sah)|(sai)|(sai2)|(sam)|(sap)|(sar)|(sas)|(sas7bdat)|(sas7dat)|(sass)|(sav)|(saveme)|(savf)|(sb)|(sb0)|(sb2)|(sbeir)|(sbi)|(sbig)|(sbk)|(sbm)|(sbs)|(sbsar)|(sbx)|(sc)|(sc0)|(sc1)|(sc2)|(sc5)|(sc6)|(sc68)|(sc7)|(sc8)|(scad)|(scala)|(scc)|(scd)|(scdoc)|(sch)|(schematic)|(scl)|(scm)|(scn)|(scodl)|(scores)|(scpt)|(scptd)|(scr)|(scriv)|(scrn)|(scs4)|(scss)|(sct)|(scx)|(scz)|(sd0)|(sd1)|(sd2)|(sd2f)|(sda)|(sdb)|(sdc)|(sdd)|(sdf)|(sdg)|(sdl)|(sdm)|(sdml)|(sdn)|(sdo)|(sdp)|(sdr)|(sds)|(sdt)|(sdv)|(sdw)|(sdx)|(sea)|(sen)|(seq)|(seqbox)|(ses)|(sesx)|(set)|(sf)|(sf2)|(sfc)|(sfd)|(sff)|(sfg)|(sfp)|(sfs)|(sft)|(sfw)|(sfx)|(sfx2)|(sfz)|(sg)|(sg1)|(sg3)|(sgc)|(sge)|(sgf)|(sgi)|(sgl)|(sgm)|(sgml)|(sgo)|(sgx)|(sh)|(sh3)|(sha)|(shar)|(sharc)|(shb)|(shc)|(shen)|(shg)|(shi)|(shk)|(shn)|(sho)|(shp)|(shr)|(shs)|(sht)|(shtm)|(shtml)|(shw)|(shx)|(si7)|(sia)|(siard)|(sib)|(sic)|(sid)|(sid2)|(sie)|(sif)|(sifz)|(sig)|(sis)|(sisx)|(sit)|(sitx)|(siva)|(sk)|(sk1)|(skd)|(sketch)|(skf)|(skm)|(skn)|(skp)|(skt)|(sl)|(sla)|(slb)|(sld)|(sldasm)|(slddrw)|(sldprt)|(slk)|(sln)|(slob)|(slp)|(smap)|(smc)|(smd)|(smf)|(smi)|(smil)|(smk)|(sml)|(smod)|(smp)|(smus)|(smx)|(snapshot)|(snd)|(sndanim)|(sndh)|(snf)|(sng)|(snn)|(snp)|(snsf)|(snsflib)|(snx)|(so)|(sol)|(son)|(sou)|(spa)|(spc)|(spd)|(spec)|(speech)|(spf)|(spfs)|(spif)|(spk)|(spl)|(spo)|(spp)|(spr)|(sprite)|(sps)|(spu)|(spv)|(spx)|(sq)|(sql)|(sqlar)|(sqlite)|(sqx)|(sqz)|(sr)|(sr5)|(sr7)|(sr8)|(src)|(srf)|(srj)|(srr)|(srs)|(srt)|(srw)|(ss)|(ss4)|(ssb)|(ssf)|(ssflib)|(ssi)|(ssm)|(ssml)|(sss)|(sst)|(st)|(st26)|(sta)|(stc)|(std)|(stem)|(step)|(stg)|(sti)|(stk)|(stl)|(stm)|(stmp)|(stp)|(str)|(strings)|(stw)|(stx)|(sty)|(sub)|(suh)|(sun)|(suniff)|(sv4cpio)|(sv4crc)|(svb)|(svc)|(svf)|(svg)|(svgz)|(svo)|(svr)|(svs)|(svx)|(swa)|(swf)|(swg)|(swift)|(swm)|(swp)|(sx2)|(sxc)|(sxd)|(sxg)|(sxi)|(sxm)|(sxw)|(sy3)|(sym)|(syn)|(synu)|(sys)|(sz)|(szs)|(szt)|(t)|(t10)|(t11)|(t12)|(t3)|(t4)|(t64)|(taac)|(tab)|(table)|(taf)|(tag)|(tak)|(talk)|(tap)|(tar)|(tav)|(tax)|(tax2011)|(tax2012)|(tax2014)|(taz)|(tb0)|(tbf)|(tbk)|(tbl)|(tbz)|(tc)|(tca)|(tcl)|(tcp)|(tcsh)|(tct)|(tcw)|(td)|(td0)|(tdb)|(tdd)|(tdf)|(tdi)|(tdl)|(tdt)|(template)|(tex)|(texi)|(texinfo)|(text)|(textile)|(tfm)|(tfx)|(tg1)|(tg4)|(tga)|(tgx)|(tgz)|(thd)|(theme)|(thf)|(thing)|(thm)|(thn)|(tif)|(tiff)|(tileskin)|(tileskinzip)|(tim)|(timg)|(tip)|(tjp)|(tjs)|(tlg)|(tlm)|(tlm3)|(tlm4)|(tlmp)|(tlmz)|(tls)|(tlz)|(tm2)|(tmac)|(tmp)|(tmx)|(tn1)|(tn2)|(tn3)|(tn4)|(tnc)|(tnd)|(tnef)|(tny)|(to4)|(toast)|(toc)|(tok)|(toml)|(top)|(torrent)|(tos)|(tpi)|(tpl)|(tpu)|(tpx)|(tr)|(trd)|(tre)|(tree)|(trp)|(trs)|(tru)|(ts)|(tsc)|(tsi)|(tsk)|(tsp)|(tsv)|(tsx)|(tsz)|(tt)|(tta)|(ttc)|(ttd)|(ttf)|(ttp)|(tts)|(ttx)|(tub)|(turbot)|(tx0)|(txd)|(txf)|(txs)|(txt)|(txz)|(type)|(types)|(tz)|(tzx)|(u3d)|(uc)|(uc0)|(uc2)|(uca)|(ucdx)|(ucn)|(udeb)|(udf)|(ue2)|(uef)|(uew)|(ufa)|(ufo)|(ugi)|(ugoira)|(ugz)|(uha)|(uhs)|(uil)|(ujg)|(ult)|(ulx)|(um)|(umz)|(uni)|(unis)|(unitypackage)|(unv)|(uof)|(uop)|(uos)|(uot)|(ups)|(upx)|(ur2)|(uri)|(uris)|(url)|(usd)|(usda)|(usdc)|(usdz)|(usf)|(usflib)|(usm)|(ustar)|(uu)|(uue)|(uzed)|(v)|(v2i)|(vaxl)|(vb)|(vbe)|(vbm)|(vbp)|(vbproj)|(vbs)|(vc)|(vc6)|(vcard)|(vcd)|(vcdiff)|(vcf)|(vcf2)|(vcs)|(vda)|(vdi)|(vdo)|(vdr)|(vdx)|(vec)|(vew)|(vfa)|(vfb)|(vfc)|(vff)|(vfj)|(vga)|(vgx)|(vhd)|(vi)|(vic)|(vicar)|(vid)|(vif)|(viff)|(vig)|(vim)|(vis)|(vismat)|(vit)|(vitec)|(viv)|(vivo)|(vlm)|(vmd)|(vmdk)|(vmf)|(vmt)|(vo)|(vob)|(voc)|(vor)|(vos)|(vot)|(vox)|(vp)|(vpb)|(vpm)|(vqe)|(vqf)|(vql)|(vrmat)|(vrml)|(vrt)|(vs)|(vsd)|(vsdm)|(vsdx)|(vsh)|(vsl)|(vsp)|(vsq)|(vss)|(vssm)|(vssx)|(vst)|(vstm)|(vstx)|(vsw)|(vsx)|(vt)|(vtf)|(vtk)|(vtt)|(vtx)|(vue)|(vvd)|(vw)|(vw3)|(vwx)|(vxd)|(vzi)|(w)|(w60)|(w61)|(w64)|(w6w)|(wa)|(wad)|(wal)|(wand)|(war)|(warc)|(warts)|(wat)|(wav)|(wave)|(wax)|(wb1)|(wb2)|(wb3)|(wbc)|(wbd)|(wbfs)|(wbmp)|(wbp)|(wbz)|(wcm)|(wdb)|(wdp)|(web)|(weba)|(webapp)|(webarchive)|(webloc)|(webm)|(webp)|(wfn)|(whl)|(wi)|(wic)|(wig)|(wim)|(wim2)|(win)|(wings)|(wiz)|(wk1)|(wk2)|(wk3)|(wk4)|(wks)|(wll)|(wlm)|(wlmp)|(wls)|(wlt)|(wma)|(wmf)|(wml)|(wmlc)|(wmls)|(wmlsc)|(wms)|(wmv)|(wmz)|(wnd)|(wnk)|(woff)|(woff2)|(word)|(wot)|(wow)|(woz)|(wp)|(wp2)|(wp4)|(wp5)|(wp6)|(wp7)|(wpb)|(wpd)|(wpg)|(wpl)|(wpm)|(wps)|(wpt)|(wpw)|(wq1)|(wq2)|(wrd)|(wrf)|(wri)|(wrk)|(wrl)|(wrld)|(wrp)|(wrz)|(ws)|(ws3)|(wsa)|(wsc)|(wsd)|(wsf)|(wsm)|(wsn)|(wsp)|(wsq)|(wsr)|(wsrc)|(wst)|(wsw)|(wsy)|(wsz)|(wtk)|(wtv)|(wu)|(wuffs)|(wv)|(wvc)|(wve)|(wvl)|(wwf)|(wxp)|(wxpr)|(wxv)|(wzl)|(x)|(x00)|(x2a)|(x3d)|(x3db)|(x3dbz)|(x3dv)|(x3dvz)|(x3dz)|(x3f)|(x3g)|(xap)|(xar)|(xarc)|(xb)|(xbg)|(xbm)|(xcf)|(xcfbz2)|(xcfgz)|(xclass)|(xcodeproj)|(xdi)|(xdp)|(xdr)|(xdxf)|(xe)|(xer)|(xface)|(xfdf)|(xga)|(xgz)|(xht)|(xhtml)|(xie)|(xif)|(xim)|(ximg)|(xip)|(xir)|(xkm)|(xl)|(xla)|(xlb)|(xlc)|(xld)|(xlk)|(xll)|(xlm)|(xlp)|(xlr)|(xls)|(xlsb)|(xlsm)|(xlsx)|(xlt)|(xlv)|(xlw)|(xm)|(xmf)|(xmi)|(xmit)|(xml)|(xmp)|(xms)|(xmz)|(xnb)|(xng)|(xowa)|(xp0)|(xp3)|(xpa)|(xpi)|(xpix)|(xpm)|(xps)|(xrni)|(xrns)|(xrnt)|(xsd)|(xsi)|(xsl)|(xslt)|(xspf)|(xsr)|(xtreme)|(xul)|(xv)|(xwd)|(xxe)|(xxx)|(xyz)|(xyze)|(xz)|(y)|(yafa)|(yal)|(yaml)|(yc)|(ydl)|(ym)|(ync)|(yobj)|(ypc)|(yuv)|(yyy)|(yz1)|(z)|(z1)|(z2)|(z3)|(z3d)|(z4)|(z5)|(z6)|(z7)|(z8)|(zabw)|(zap)|(zblorb)|(zbr)|(zc)|(zck)|(zdl)|(zdp)|(zed)|(zeno)|(zet)|(zgr)|(zif)|(zil)|(zim)|(zip)|(zipx)|(zlb)|(zmf)|(zmt)|(zone)|(zoo)|(zpaq)|(zpk)|(zrtf)|(zsh)|(zst)|(zz)|(zzt)|(zzz))$","kSBytes":"12","kSNormalization":"","kSLowerCase":"1","kSRequired":"1"},"status":{"kSType":"S","kRFormat":"^(0|1)$","kSBytes":"1","kSNormalization":"","kSLowerCase":"0","kSRequired":"0"}}},"kSPrimary":"ext","kAUnique":[],"kAIndexes":["ext"],"kJDefaults":{"status":"1"},"kJFieldGenerators":{},"kJFieldTransforms":{},"kSTableOriginalFullName":"appdb.extensions"},"data":{}},"0a0bf0a3b3b587bd":{"schema":{"kSTable":"0a0bf0a3b3b587bd","kJFields":{"kSType":"J","kSRequired":"1","kJKeys":{"id":{"kSType":"S","kRFormat":"^[0-9]{17}[a-f0-9]{15}$","kSBytes":"32","kSNormalization":"","kSLowerCase":"1","kSRequired":"1"},"name":{"kSType":"S","kRFormat":"","kSBytes":"1024","kSNormalization":"","kSLowerCase":"0","kSRequired":"1"},"name_hash":{"kSType":"S","kRFormat":"^[a-f0-9]{64}$","kSBytes":"64","kSNormalization":"","kSLowerCase":"1","kSRequired":"1"},"connection":{"kSType":"S","kRFormat":"^(0|1)$","kSBytes":"1","kSNormalization":"","kSLowerCase":"0","kSRequired":"0"},"remote_name":{"kSType":"S","kRFormat":"((^$)|(^[a-z0-9_]{1,32}$))","kSBytes":"32","kSNormalization":"","kSLowerCase":"1","kSRequired":"0"},"remote_path":{"kSType":"S","kRFormat":"((^$)|(^(\\/[a-z0-9_]{1,32}\\.[a-z0-9_]{1,32}(\\/:[0-9]+\\([a-z0-9_]{1,32}\\))?)*(\\/[a-z0-9_]{1,32})?$))","kSBytes":"512","kSNormalization":"","kSLowerCase":"1","kSRequired":"0"},"remote_method":{"kSType":"S","kRFormat":"((^$)|(^((DELETE)|(GET)|(PATCH)|(POST)|(PUT))$))","kSBytes":"6","kSNormalization":"","kSLowerCase":"0","kSRequired":"0"},"remote_automatic":{"kSType":"S","kRFormat":"^(0|1)$","kSBytes":"1","kSNormalization":"","kSLowerCase":"0","kSRequired":"0"},"tables_chain":{"kSType":"S","kRFormat":"((^$)|(^[a-z0-9_]{1,32}\\.[a-z0-9_]{1,32}(\\,[a-z0-9_]{1,32}\\.[a-z0-9_]{1,32})*$))","kSBytes":"512","kSNormalization":"","kSLowerCase":"1","kSRequired":"0"},"tables_resource":{"kSType":"S","kRFormat":"^((root)|(list)|(item))$","kSBytes":"4","kSNormalization":"","kSLowerCase":"1","kSRequired":"1"},"method":{"kSType":"S","kRFormat":"^((DELETE)|(GET)|(PATCH)|(POST)|(PUT))$","kSBytes":"6","kSNormalization":"","kSLowerCase":"0","kSRequired":"1"},"action":{"kSType":"S","kRFormat":"((^$)|(^[a-z0-9_]{1,32}$))","kSBytes":"32","kSNormalization":"","kSLowerCase":"1","kSRequired":"0"},"cross":{"kSType":"S","kRFormat":"^(0|1)$","kSBytes":"1","kSNormalization":"","kSLowerCase":"0","kSRequired":"0"},"cross_type":{"kSType":"S","kRFormat":"((^$)|(^(0|1)$))","kSBytes":"1","kSNormalization":"","kSLowerCase":"0","kSRequired":"0"},"cross_sources":{"kSType":"S","kRFormat":"((^$)|(^([a-z0-9_]{1,32}(\\=)?(\\,[a-z0-9_]{1,32}(\\=)?)*)(\\&([a-z0-9_]{1,32}(\\=)?(\\,[a-z0-9_]{1,32}(\\=)?)*))*$))","kSBytes":"255","kSNormalization":"","kSLowerCase":"1","kSRequired":"0"},"expects":{"kSType":"S","kRFormat":"((^$)|(^(\\$custom\\/.+)$)|(^([\\.]{3}\\$db\\:(insert|search|select|submit|update)\\:\\/[a-z0-9_]{1,32}\\.[a-z0-9_]{1,32} \\-\\> expects)$))","kSBytes":"255","kSNormalization":"","kSLowerCase":"0","kSRequired":"0"},"returns":{"kSType":"S","kRFormat":"((^$)|(^(\\$custom\\/.+)$)|(^(\\$utils\\/string\\/empty)$))","kSBytes":"255","kSNormalization":"","kSLowerCase":"0","kSRequired":"0"},"ignore":{"kSType":"S","kRFormat":"^(0|1)$","kSBytes":"1","kSNormalization":"","kSLowerCase":"0","kSRequired":"0"}}},"kSPrimary":"id","kAUnique":["name_hash"],"kAIndexes":["id","name","connection"],"kJDefaults":{"connection":"0","remote_name":"","remote_path":"","remote_method":"","remote_automatic":"1","tables_chain":"","action":"","cross":"0","cross_type":"","cross_sources":"","expects":"","returns":"","ignore":"0"},"kJFieldGenerators":{},"kJFieldTransforms":{},"kSTableOriginalFullName":"appdb.actions"},"data":{"_202212101935126108e2ad88fe25ca67":{"id.-":"0","tables_chain":"db.posts","tables_chain.+":"20221210193512615","tables_resource":"item","tables_resource.+":"20221210193512615","method":"DELETE","method.+":"20221210193512615","id":"202212101935126108e2ad88fe25ca67","id.+":"20221210193512615","name":"$db:item.DELETE:/db.posts","name.+":"20221210193512615","name_hash":"49311b9e9fc4d7484e9a7e54a8315244dd97bcc2198234f18e97ae933a973d1e","name_hash.+":"20221210193512615","connection":"0","connection.+":"20221210193512615","remote_name":"","remote_name.+":"20221210193512615","remote_path":"","remote_path.+":"20221210193512615","remote_method":"","remote_method.+":"20221210193512615","remote_automatic":"1","remote_automatic.+":"20221210193512615","action":"","action.+":"20221210193512615","cross":"0","cross.+":"20221210193512615","cross_type":"","cross_type.+":"20221210193512615","cross_sources":"","cross_sources.+":"20221210193512615","expects":"","expects.+":"20221210193512615","returns":"","returns.+":"20221210193512615","ignore":"0","ignore.+":"20221210193512615"},"_20221210193519321c0697b9042ebe96":{"id.-":"0","tables_chain":"db.posts","tables_chain.+":"20221210193519326","tables_resource":"list","tables_resource.+":"20221210193519326","method":"POST","method.+":"20221210193519326","id":"20221210193519321c0697b9042ebe96","id.+":"20221210193519326","name":"$db:list.POST:/db.posts","name.+":"20221210193519326","name_hash":"c4b24a63d3216b263d1543527e68d5cf2b2c48b7ca02413987d39f2f826f5887","name_hash.+":"20221210193519326","connection":"0","connection.+":"20221210193519326","remote_name":"","remote_name.+":"20221210193519326","remote_path":"","remote_path.+":"20221210193519326","remote_method":"","remote_method.+":"20221210193519326","remote_automatic":"1","remote_automatic.+":"20221210193519326","action":"","action.+":"20221210193519326","cross":"0","cross.+":"20221210193519326","cross_type":"","cross_type.+":"20221210193519326","cross_sources":"","cross_sources.+":"20221210193519326","expects":"","expects.+":"20221210193519326","returns":"","returns.+":"20221210193519326","ignore":"0","ignore.+":"20221210193519326"},"_202212101935250181d4f18c8178b91b":{"id.-":"0","tables_chain":"db.posts","tables_chain.+":"20221210193525022","tables_resource":"list","tables_resource.+":"20221210193525022","method":"GET","method.+":"20221210193525022","id":"202212101935250181d4f18c8178b91b","id.+":"20221210193525022","name":"$db:list.GET:/db.posts","name.+":"20221210193525022","name_hash":"f1191fb224e8179da86fe1c8a44b3ca904e6a5f31bd620e75d3f879a798ff797","name_hash.+":"20221210193525022","connection":"0","connection.+":"20221210193525022","remote_name":"","remote_name.+":"20221210193525022","remote_path":"","remote_path.+":"20221210193525022","remote_method":"","remote_method.+":"20221210193525022","remote_automatic":"1","remote_automatic.+":"20221210193525022","action":"","action.+":"20221210193525022","cross":"0","cross.+":"20221210193525022","cross_type":"","cross_type.+":"20221210193525022","cross_sources":"","cross_sources.+":"20221210193525022","expects":"","expects.+":"20221210193525022","returns":"","returns.+":"20221210193525022","ignore":"0","ignore.+":"20221210193525022"},"_202212101935297087a2c5cb1c8a8a53":{"id.-":"0","tables_chain":"db.posts","tables_chain.+":"20221210193529712","tables_resource":"item","tables_resource.+":"20221210193529712","method":"GET","method.+":"20221210193529712","id":"202212101935297087a2c5cb1c8a8a53","id.+":"20221210193529712","name":"$db:item.GET:/db.posts","name.+":"20221210193529712","name_hash":"5b84773dcee6073430e2f9e68b118f4091ac3ec1e58ea7b47197cb3c5c584890","name_hash.+":"20221210193529712","connection":"0","connection.+":"20221210193529712","remote_name":"","remote_name.+":"20221210193529712","remote_path":"","remote_path.+":"20221210193529712","remote_method":"","remote_method.+":"20221210193529712","remote_automatic":"1","remote_automatic.+":"20221210193529712","action":"","action.+":"20221210193529712","cross":"0","cross.+":"20221210193529712","cross_type":"","cross_type.+":"20221210193529712","cross_sources":"","cross_sources.+":"20221210193529712","expects":"","expects.+":"20221210193529712","returns":"","returns.+":"20221210193529712","ignore":"0","ignore.+":"20221210193529712"},"_202212101935348750efc24aa55c78a5":{"id.-":"0","tables_chain":"db.posts","tables_chain.+":"20221210193534878","tables_resource":"item","tables_resource.+":"20221210193534878","method":"PATCH","method.+":"20221210193534878","id":"202212101935348750efc24aa55c78a5","id.+":"20221210193534878","name":"$db:item.PATCH:/db.posts","name.+":"20221210193534878","name_hash":"198b201cca52255a85cce5d6428f093cbbcec7b62949a5d29c15ccead5c04c06","name_hash.+":"20221210193534878","connection":"0","connection.+":"20221210193534878","remote_name":"","remote_name.+":"20221210193534878","remote_path":"","remote_path.+":"20221210193534878","remote_method":"","remote_method.+":"20221210193534878","remote_automatic":"1","remote_automatic.+":"20221210193534878","action":"","action.+":"20221210193534878","cross":"0","cross.+":"20221210193534878","cross_type":"","cross_type.+":"20221210193534878","cross_sources":"","cross_sources.+":"20221210193534878","expects":"","expects.+":"20221210193534878","returns":"","returns.+":"20221210193534878","ignore":"0","ignore.+":"20221210193534878"}}},"0a0bf0a3b3b587bd.name_hash":{"schema":{},"data":{"_49311b9e9fc4d7484e9a7e54a8315244dd97bcc2198234f18e97ae933a973d1e":{"a":"49311b9e9fc4d7484e9a7e54a8315244dd97bcc2198234f18e97ae933a973d1e","k":"202212101935126108e2ad88fe25ca67","k.+":"20221210193512615"},"_c4b24a63d3216b263d1543527e68d5cf2b2c48b7ca02413987d39f2f826f5887":{"a":"c4b24a63d3216b263d1543527e68d5cf2b2c48b7ca02413987d39f2f826f5887","k":"20221210193519321c0697b9042ebe96","k.+":"20221210193519326"},"_f1191fb224e8179da86fe1c8a44b3ca904e6a5f31bd620e75d3f879a798ff797":{"a":"f1191fb224e8179da86fe1c8a44b3ca904e6a5f31bd620e75d3f879a798ff797","k":"202212101935250181d4f18c8178b91b","k.+":"20221210193525022"},"_5b84773dcee6073430e2f9e68b118f4091ac3ec1e58ea7b47197cb3c5c584890":{"a":"5b84773dcee6073430e2f9e68b118f4091ac3ec1e58ea7b47197cb3c5c584890","k":"202212101935297087a2c5cb1c8a8a53","k.+":"20221210193529712"},"_198b201cca52255a85cce5d6428f093cbbcec7b62949a5d29c15ccead5c04c06":{"a":"198b201cca52255a85cce5d6428f093cbbcec7b62949a5d29c15ccead5c04c06","k":"202212101935348750efc24aa55c78a5","k.+":"20221210193534878"}}},"7671094360346983":{"schema":{"kSTable":"7671094360346983","kJFields":{"kSType":"J","kSRequired":"1","kJKeys":{"id":{"kSType":"S","kRFormat":"^[0-9]{17}[a-f0-9]{15}$","kSBytes":"32","kSNormalization":"","kSLowerCase":"1","kSRequired":"0"},"name":{"kSType":"S","kRFormat":"^[a-z0-9_]{1,32}$","kSBytes":"32","kSNormalization":"","kSLowerCase":"1","kSRequired":"1"},"name_hash":{"kSType":"S","kRFormat":"^[a-f0-9]{64}$","kSBytes":"64","kSNormalization":"","kSLowerCase":"1","kSRequired":"1"},"remote_contract":{"kSType":"S","kRFormat":"((^$)|(\\.(json)$))","kSBytes":"196","kSNormalization":"NFD","kSLowerCase":"1","kSRequired":"0"}}},"kSPrimary":"id","kAUnique":["name_hash"],"kAIndexes":["id","name"],"kJDefaults":{"remote_contract":""},"kJFieldGenerators":{"id":"jsen-sym-generator-default-id"},"kJFieldTransforms":{},"kSTableOriginalFullName":"appdb.connections"},"data":{}},"7671094360346983.name_hash":{"schema":{},"data":{}},"2ac4813f54c90ef4":{"schema":{"kSTable":"2ac4813f54c90ef4","kJFields":{"kSType":"J","kSRequired":"1","kJKeys":{"id":{"kSType":"S","kRFormat":"^[0-9]{17}[a-f0-9]{15}$","kSBytes":"32","kSNormalization":"","kSLowerCase":"1","kSRequired":"0"},"plg_dep_type":{"kSType":"S","kRFormat":"^((jsen-sym-plugin-default-connect)|(jsen-sym-plugin-default-cross)|(jsen-sym-plugin-default-cross-bidirectional)|(jsen-sym-plugin-default-delete)|(jsen-sym-plugin-default-enforce-maximum-count)|(jsen-sym-plugin-default-handle)|(jsen-sym-plugin-default-insert-bidirectional)|(jsen-sym-plugin-default-insert)|(jsen-sym-plugin-default-joined)|(jsen-sym-plugin-default-reselect)|(jsen-sym-plugin-default-search)|(jsen-sym-plugin-default-select)|(jsen-sym-plugin-default-update)|(jsen-sym-plugin-default-upsert)|(jsen-sym-plugin-default-xkeys)|(file)|(git)|(git_ssh)|(git_http)|(git_https))$","kSBytes":"128","kSNormalization":"","kSLowerCase":"1","kSRequired":"1"},"plg_dep_path":{"kSType":"S","kRFormat":"((^$)|(^((\\/.+\\/)|((.+)\\.git(#.+)?))$))","kSBytes":"2048","kSNormalization":"","kSLowerCase":"0","kSRequired":"0"},"description":{"kSType":"S","kRFormat":"","kSBytes":"255","kSNormalization":"","kSLowerCase":"0","kSRequired":"0"}}},"kSPrimary":"id","kAUnique":[],"kAIndexes":["id"],"kJDefaults":{"plg_dep_path":"","description":""},"kJFieldGenerators":{"id":"jsen-sym-generator-default-id"},"kJFieldTransforms":{},"kSTableOriginalFullName":"appdb.plugins"},"data":{}},"36398f059eacff86":{"schema":{"kSTable":"36398f059eacff86","kJFields":{"kSType":"J","kSRequired":"1","kJKeys":{"id":{"kSType":"S","kRFormat":"^[0-9]{17}[a-f0-9]{15}$","kSBytes":"32","kSNormalization":"","kSLowerCase":"1","kSRequired":"0"},"name":{"kSType":"S","kRFormat":"^[a-z0-9_]{1,32}$","kSBytes":"32","kSNormalization":"","kSLowerCase":"1","kSRequired":"1"},"name_hash":{"kSType":"S","kRFormat":"^[a-f0-9]{64}$","kSBytes":"64","kSNormalization":"","kSLowerCase":"1","kSRequired":"1"},"bnd_dep_type":{"kSType":"S","kRFormat":"^(([a-z0-9]+)(\\-([a-z0-9]+))*)$","kSBytes":"64","kSNormalization":"","kSLowerCase":"1","kSRequired":"1"},"bnd_cnf_file":{"kSType":"S","kRFormat":"((^$)|(\\.(json)$))","kSBytes":"196","kSNormalization":"NFD","kSLowerCase":"1","kSRequired":"0"}}},"kSPrimary":"id","kAUnique":["name_hash"],"kAIndexes":["id","name"],"kJDefaults":{"bnd_cnf_file":""},"kJFieldGenerators":{"id":"jsen-sym-generator-default-id"},"kJFieldTransforms":{},"kSTableOriginalFullName":"appdb.deployments_for_apis"},"data":{"_20221210193600483a039900c5e47525":{"id.-":"0","name":"development","name.+":"20221210193600487","bnd_dep_type":"mariadb-unix-local-v1","bnd_dep_type.+":"20221210193600487","name_hash":"260b6b2aae5309bbf5cfdcd6ce87604b9cbe24a5415127f0569c702388732fca","name_hash.+":"20221228052446195","id":"20221210193600483a039900c5e47525","id.+":"20221210193600487"},"_202310131051170389cac50f0d673ca0":{"id.-":"0","name":"resource","name.+":"20231013105117045","bnd_dep_type":"onefile-unix-local","bnd_dep_type.+":"20231013105117045","name_hash":"65db15e2577660a7ab15b2d33545c8249c584771ddeadac298b7da5b57980a36","name_hash.+":"20231013113544218","id":"202310131051170389cac50f0d673ca0","id.+":"20231013105117045"},"_20231013113554622ad6302401ab06ee":{"id.-":"0","name":"vue_resource","name.+":"20231013113554629","bnd_dep_type":"onefile-unix-local","bnd_dep_type.+":"20231013113554629","name_hash":"05ecca9cc9b43691dd5f579bfe16d1f1f5065261099608d904d044aa4c134bfb","name_hash.+":"20231013113554629","id":"20231013113554622ad6302401ab06ee","id.+":"20231013113554629"}}},"36398f059eacff86.name_hash":{"schema":{},"data":{"_dd120cdf9ea13507d7d4ba7c1593eb13dda2438938a736a56c3f56edf395f9a0":{"a":"dd120cdf9ea13507d7d4ba7c1593eb13dda2438938a736a56c3f56edf395f9a0","k":"20221210193600483a039900c5e47525","k.+":"20221210193600487"},"_260b6b2aae5309bbf5cfdcd6ce87604b9cbe24a5415127f0569c702388732fca":{"a":"260b6b2aae5309bbf5cfdcd6ce87604b9cbe24a5415127f0569c702388732fca","k":"20221210193600483a039900c5e47525","k.+":"20221228052446195"},"_026606ef6f97db3a42fa4e52998413eeebef28d2f16b4f048ae052e75ad2cf3f":{"a":"026606ef6f97db3a42fa4e52998413eeebef28d2f16b4f048ae052e75ad2cf3f","k":"202310131051170389cac50f0d673ca0","k.+":"20231013105117045"},"_65db15e2577660a7ab15b2d33545c8249c584771ddeadac298b7da5b57980a36":{"a":"65db15e2577660a7ab15b2d33545c8249c584771ddeadac298b7da5b57980a36","k":"202310131051170389cac50f0d673ca0","k.+":"20231013113544218"},"_05ecca9cc9b43691dd5f579bfe16d1f1f5065261099608d904d044aa4c134bfb":{"a":"05ecca9cc9b43691dd5f579bfe16d1f1f5065261099608d904d044aa4c134bfb","k":"20231013113554622ad6302401ab06ee","k.+":"20231013113554629"}}},"0a5ce2e518b631a5":{"schema":{"kSTable":"0a5ce2e518b631a5","kJFields":{"kSType":"J","kSRequired":"1","kJKeys":{"id":{"kSType":"S","kRFormat":"^[a-f0-9]{64}$","kSBytes":"64","kSNormalization":"","kSLowerCase":"1","kSRequired":"1"},"version":{"kSType":"S","kRFormat":"^(([0-9]{1})|([1-9]{1}[0-9]+))(\\.(([0-9]{1})|([1-9]{1}[0-9]+)))(\\.(([0-9]{1})|([1-9]{1}[0-9]+)))$","kSBytes":"16","kSNormalization":"","kSLowerCase":"0","kSRequired":"1"},"out_cnf_file":{"kSType":"S","kRFormat":"((^$)|(\\.(json)$))","kSBytes":"196","kSNormalization":"NFD","kSLowerCase":"1","kSRequired":"0"},"last_exported":{"kSType":"S","kRFormat":"","kSBytes":"17","kSNormalization":"","kSLowerCase":"0","kSRequired":"0"}}},"kSPrimary":"id","kAUnique":[],"kAIndexes":["id"],"kJDefaults":{"out_cnf_file":""},"kJFieldGenerators":{"last_exported":"jsen-sym-generator-default-empty"},"kJFieldTransforms":{"last_exported":{"kSFunction":"jsen-sym-transform-default-timestamp","kJOutput":{"kSType":"S","kRFormat":"^[0-9]{17}$","kSBytes":"17","kSNormalization":"","kSLowerCase":"0","kSRequired":"1"}}},"kSTableOriginalFullName":"appdb.exports_for_apis"},"data":{"_2ce1414fccc601d409b64be503e38396facf195a106a5f6a245bbc75812dc0e1":{"id.-":"0","id":"2ce1414fccc601d409b64be503e38396facf195a106a5f6a245bbc75812dc0e1","id.+":"20221210193602082","version":"0.0.0","version.+":"20231013113558350","out_cnf_file":"appdb.exports_for_apis/32636531343134666363633630316434303962363462653530336533383339366661636631393561313036613566366132343562626337353831326463306531/out_cnf_file.json","out_cnf_file.+":"20231013113558350","last_exported":"20231013113558345","last_exported.+":"20231013113558350"}}},"x-e45cf8d45c8b43a1-ac889c3fae9f64c8":{"schema":{},"data":{"_20221210193107241c24ce74c1b9f7d7":{"_202212101931333775a330fa3de91a4d":{"k":"20221210193107241c24ce74c1b9f7d7","x":"202212101931333775a330fa3de91a4d","v":"1","v.+":"20221210193133390"}}}},"x-ac889c3fae9f64c8-fd0c64a7b6d62708":{"schema":{},"data":{"_202212101931333775a330fa3de91a4d":{"_202212101932134375c9bf31fde4acd0":{"k":"202212101931333775a330fa3de91a4d","x":"202212101932134375c9bf31fde4acd0","v":"1","v.+":"20221210193213451"},"_2022121019333314760decb629a5e60a":{"k":"202212101931333775a330fa3de91a4d","x":"2022121019333314760decb629a5e60a","v":"1","v.+":"20221210193333159"},"_20221210193430060f83d3ba0537dc36":{"k":"202212101931333775a330fa3de91a4d","x":"20221210193430060f83d3ba0537dc36","v":"1","v.+":"20221210193430072"},"_2022121019344300448233de769db8b9":{"k":"202212101931333775a330fa3de91a4d","x":"2022121019344300448233de769db8b9","v":"1","v.+":"20221210193443017"}}}},"x-fd0c64a7b6d62708-c5f53fd037276d7a":{"schema":{},"data":{}},"x-fd0c64a7b6d62708-fed99a74454591a7":{"schema":{},"data":{}},"x-e45cf8d45c8b43a1-0a0bf0a3b3b587bd":{"schema":{},"data":{"_20221210193107241c24ce74c1b9f7d7":{"_202212101935126108e2ad88fe25ca67":{"k":"20221210193107241c24ce74c1b9f7d7","x":"202212101935126108e2ad88fe25ca67","v":"1","v.+":"20221210193512623"},"_20221210193519321c0697b9042ebe96":{"k":"20221210193107241c24ce74c1b9f7d7","x":"20221210193519321c0697b9042ebe96","v":"1","v.+":"20221210193519333"},"_202212101935250181d4f18c8178b91b":{"k":"20221210193107241c24ce74c1b9f7d7","x":"202212101935250181d4f18c8178b91b","v":"1","v.+":"20221210193525030"},"_202212101935297087a2c5cb1c8a8a53":{"k":"20221210193107241c24ce74c1b9f7d7","x":"202212101935297087a2c5cb1c8a8a53","v":"1","v.+":"20221210193529720"},"_202212101935348750efc24aa55c78a5":{"k":"20221210193107241c24ce74c1b9f7d7","x":"202212101935348750efc24aa55c78a5","v":"1","v.+":"20221210193534887"}}}},"x-0a0bf0a3b3b587bd-fd0c64a7b6d62708":{"schema":{},"data":{}},"x-0a0bf0a3b3b587bd-2ac4813f54c90ef4":{"schema":{},"data":{}},"x-0a0bf0a3b3b587bd-7671094360346983":{"schema":{},"data":{}},"x-e45cf8d45c8b43a1-7671094360346983":{"schema":{},"data":{}},"x-7671094360346983-0a0bf0a3b3b587bd":{"schema":{},"data":{}},"x-e45cf8d45c8b43a1-36398f059eacff86":{"schema":{},"data":{"_20221210193107241c24ce74c1b9f7d7":{"_20221210193600483a039900c5e47525":{"k":"20221210193107241c24ce74c1b9f7d7","x":"20221210193600483a039900c5e47525","v":"0","v.+":"20221228052446195"},"_202310131051170389cac50f0d673ca0":{"k":"20221210193107241c24ce74c1b9f7d7","x":"202310131051170389cac50f0d673ca0","v":"0","v.+":"20231013113544218"},"_20231013113554622ad6302401ab06ee":{"k":"20221210193107241c24ce74c1b9f7d7","x":"20231013113554622ad6302401ab06ee","v":"1","v.+":"20231013113554646"}}}},"x-e45cf8d45c8b43a1-0a5ce2e518b631a5":{"schema":{},"data":{"_20221210193107241c24ce74c1b9f7d7":{"_2ce1414fccc601d409b64be503e38396facf195a106a5f6a245bbc75812dc0e1":{"k":"20221210193107241c24ce74c1b9f7d7","x":"2ce1414fccc601d409b64be503e38396facf195a106a5f6a245bbc75812dc0e1","v":"1","v.+":"20221210193602091"}}}}}