{"openapi":"3.0.0","info":{"title":"db","version":"0.0.0"},"paths":{"/db.posts":{"parameters":[],"post":{"requestBody":{"content":{"application/json":{"schema":{"type":"object","properties":{"description":{"type":"string","x-flags":"","maxLength":512,"x-default":""},"keywords":{"type":"string","x-flags":"","maxLength":512,"x-default":""},"slug":{"type":"string","x-normal":"NFD","x-lower":"1","pattern":"[a-z0-9]+(((\\-)|(\\_))[a-z0-9]+)*","x-flags":"","maxLength":128,"x-is-primary":"1"},"title":{"type":"string","pattern":"^\\S+","x-flags":"","maxLength":128}},"required":["slug","title"]}}}},"responses":{"201":{"description":"","content":{"application/json":{"schema":{"type":"object","properties":{"db.posts":{"type":"array","items":{"type":"object","properties":{"description":{"type":"object","properties":{"+":{"type":"string","pattern":"((^$)|(^(([0-9]{1})|([1-9]{1}[0-9]+))$))","maxLength":17},"=":{"type":"string","x-is-indexed":"1"}},"required":["+","="]},"keywords":{"type":"object","properties":{"+":{"type":"string","pattern":"((^$)|(^(([0-9]{1})|([1-9]{1}[0-9]+))$))","maxLength":17},"=":{"type":"string","x-is-indexed":"1"}},"required":["+","="]},"slug":{"type":"object","properties":{"+":{"type":"string","pattern":"((^$)|(^(([0-9]{1})|([1-9]{1}[0-9]+))$))","maxLength":17},"=":{"type":"string","x-is-primary":"1","x-is-indexed":"1"},"-":{"type":"string","pattern":"^(1)$","maxLength":1}},"required":["+","="]},"title":{"type":"object","properties":{"+":{"type":"string","pattern":"((^$)|(^(([0-9]{1})|([1-9]{1}[0-9]+))$))","maxLength":17},"=":{"type":"string","x-is-indexed":"1"}},"required":["+","="]}},"required":["description","keywords","slug","title"]}}},"required":["db.posts"]}}}},"400":{"description":"Bad request."},"401":{"description":"Unauthorized."},"402":{"description":"Payment Required."},"403":{"description":"Forbidden."},"404":{"description":"Not found."},"405":{"description":"Method not allowed."},"406":{"description":"Response data did not match the API route.returns format definition."},"408":{"description":"Request timeout."},"409":{"description":"Conflict."},"410":{"description":"Resource was deleted."},"411":{"description":"Length required."},"412":{"description":"API contract version is not acceptable."},"413":{"description":"Payload too large."},"414":{"description":"URI too long."},"415":{"description":"CONTENT-TYPE header value was rejected."},"417":{"description":"Request data did not match the API route.expects format definition."},"421":{"description":"Server error."},"424":{"description":"Method not defined."},"428":{"description":"Precondition required."},"429":{"description":"Too many requests."},"431":{"description":"Request header fields too large."},"440":{"description":"Token expired."},"444":{"description":"Maximum count enforcement."},"449":{"description":"Retry With."},"499":{"description":"DOM response data handling error."},"500":{"description":"Server error."},"501":{"description":"Method not allowed."},"502":{"description":"Request timeout."},"503":{"description":"Service temporarily unavailable."},"504":{"description":"Request timeout."},"505":{"description":"HTTP version is not acceptable."},"511":{"description":"Network Authentication Required."}}},"get":{"parameters":[{"name":"kSLimit","in":"query","allowEmptyValue":true,"required":true,"schema":{"type":"integer","minimum":0,"maximum":10}},{"name":"kSMarker","in":"query","allowEmptyValue":true,"required":false,"schema":{"type":"string","x-marker-field":"slug"}},{"name":"kJQuery.kSTerm","in":"query","allowEmptyValue":true,"required":true,"schema":{"type":"string"}},{"name":"kJQuery.kJFields[slug]","in":"query","allowEmptyValue":true,"required":false,"schema":{"type":"string","pattern":"^(1|2)$","maxLength":1,"x-is-indexed":"1"}},{"name":"kJQuery.kJFields[keywords]","in":"query","allowEmptyValue":true,"required":false,"schema":{"type":"string","pattern":"^(1|2)$","maxLength":1,"x-is-indexed":"1"}},{"name":"kJQuery.kJFields[description]","in":"query","allowEmptyValue":true,"required":false,"schema":{"type":"string","pattern":"^(1|2)$","maxLength":1,"x-is-indexed":"1"}},{"name":"kJQuery.kJFields[title]","in":"query","allowEmptyValue":true,"required":false,"schema":{"type":"string","pattern":"^(1|2)$","maxLength":1,"x-is-indexed":"1"}},{"name":"kJQuery.kJFilters[description]","in":"query","allowEmptyValue":true,"required":false,"schema":{"type":"string","pattern":"^(\\[\\\").*(\\\"\\])$"}},{"name":"kJQuery.kJFilters[keywords]","in":"query","allowEmptyValue":true,"required":false,"schema":{"type":"string","pattern":"^(\\[\\\").*(\\\"\\])$"}},{"name":"kJQuery.kJFilters[title]","in":"query","allowEmptyValue":true,"required":false,"schema":{"type":"string","pattern":"^(\\[\\\").*(\\\"\\])$"}}],"responses":{"200":{"description":"","content":{"application/json":{"schema":{"type":"object","properties":{"db.posts":{"type":"array","items":{"type":"object","properties":{"description":{"type":"object","properties":{"+":{"type":"string","pattern":"((^$)|(^(([0-9]{1})|([1-9]{1}[0-9]+))$))","maxLength":17},"=":{"type":"string","x-is-indexed":"1"}},"required":["+","="]},"keywords":{"type":"object","properties":{"+":{"type":"string","pattern":"((^$)|(^(([0-9]{1})|([1-9]{1}[0-9]+))$))","maxLength":17},"=":{"type":"string","x-is-indexed":"1"}},"required":["+","="]},"slug":{"type":"object","properties":{"+":{"type":"string","pattern":"((^$)|(^(([0-9]{1})|([1-9]{1}[0-9]+))$))","maxLength":17},"=":{"type":"string","x-is-primary":"1","x-is-indexed":"1"},"-":{"type":"string","pattern":"^(1)$","maxLength":1}},"required":["+","="]},"title":{"type":"object","properties":{"+":{"type":"string","pattern":"((^$)|(^(([0-9]{1})|([1-9]{1}[0-9]+))$))","maxLength":17},"=":{"type":"string","x-is-indexed":"1"}},"required":["+","="]}},"required":["description","keywords","slug","title"]}}},"required":["db.posts"]}}}},"400":{"description":"Bad request."},"401":{"description":"Unauthorized."},"402":{"description":"Payment Required."},"403":{"description":"Forbidden."},"404":{"description":"Not found."},"405":{"description":"Method not allowed."},"406":{"description":"Response data did not match the API route.returns format definition."},"408":{"description":"Request timeout."},"409":{"description":"Conflict."},"410":{"description":"Resource was deleted."},"411":{"description":"Length required."},"412":{"description":"API contract version is not acceptable."},"413":{"description":"Payload too large."},"414":{"description":"URI too long."},"415":{"description":"CONTENT-TYPE header value was rejected."},"417":{"description":"Request data did not match the API route.expects format definition."},"421":{"description":"Server error."},"424":{"description":"Method not defined."},"428":{"description":"Precondition required."},"429":{"description":"Too many requests."},"431":{"description":"Request header fields too large."},"440":{"description":"Token expired."},"444":{"description":"Maximum count enforcement."},"449":{"description":"Retry With."},"499":{"description":"DOM response data handling error."},"500":{"description":"Server error."},"501":{"description":"Method not allowed."},"502":{"description":"Request timeout."},"503":{"description":"Service temporarily unavailable."},"504":{"description":"Request timeout."},"505":{"description":"HTTP version is not acceptable."},"511":{"description":"Network Authentication Required."}}}},"/db.posts/{0_slug}":{"parameters":[{"name":"0_slug","in":"path","required":true,"schema":{"type":"string"}}],"delete":{"parameters":[],"responses":{"204":{"description":"","content":{"application/json":{"schema":{"type":"object","properties":{"db.posts":{"type":"array","items":{"type":"object","properties":{"description":{"type":"object","properties":{"+":{"type":"string","pattern":"((^$)|(^(([0-9]{1})|([1-9]{1}[0-9]+))$))","maxLength":17},"=":{"type":"string","x-is-indexed":"1"}},"required":["+","="]},"keywords":{"type":"object","properties":{"+":{"type":"string","pattern":"((^$)|(^(([0-9]{1})|([1-9]{1}[0-9]+))$))","maxLength":17},"=":{"type":"string","x-is-indexed":"1"}},"required":["+","="]},"slug":{"type":"object","properties":{"+":{"type":"string","pattern":"((^$)|(^(([0-9]{1})|([1-9]{1}[0-9]+))$))","maxLength":17},"=":{"type":"string","x-is-primary":"1","x-is-indexed":"1"},"-":{"type":"string","pattern":"^(1)$","maxLength":1}},"required":["+","="]},"title":{"type":"object","properties":{"+":{"type":"string","pattern":"((^$)|(^(([0-9]{1})|([1-9]{1}[0-9]+))$))","maxLength":17},"=":{"type":"string","x-is-indexed":"1"}},"required":["+","="]}},"required":["description","keywords","slug","title"]}}},"required":["db.posts"]}}}},"400":{"description":"Bad request."},"401":{"description":"Unauthorized."},"402":{"description":"Payment Required."},"403":{"description":"Forbidden."},"404":{"description":"Not found."},"405":{"description":"Method not allowed."},"406":{"description":"Response data did not match the API route.returns format definition."},"408":{"description":"Request timeout."},"409":{"description":"Conflict."},"410":{"description":"Resource was deleted."},"411":{"description":"Length required."},"412":{"description":"API contract version is not acceptable."},"413":{"description":"Payload too large."},"414":{"description":"URI too long."},"415":{"description":"CONTENT-TYPE header value was rejected."},"417":{"description":"Request data did not match the API route.expects format definition."},"421":{"description":"Server error."},"424":{"description":"Method not defined."},"428":{"description":"Precondition required."},"429":{"description":"Too many requests."},"431":{"description":"Request header fields too large."},"440":{"description":"Token expired."},"444":{"description":"Maximum count enforcement."},"449":{"description":"Retry With."},"499":{"description":"DOM response data handling error."},"500":{"description":"Server error."},"501":{"description":"Method not allowed."},"502":{"description":"Request timeout."},"503":{"description":"Service temporarily unavailable."},"504":{"description":"Request timeout."},"505":{"description":"HTTP version is not acceptable."},"511":{"description":"Network Authentication Required."}}},"get":{"parameters":[],"responses":{"200":{"description":"","content":{"application/json":{"schema":{"type":"object","properties":{"db.posts":{"type":"array","items":{"type":"object","properties":{"description":{"type":"object","properties":{"+":{"type":"string","pattern":"((^$)|(^(([0-9]{1})|([1-9]{1}[0-9]+))$))","maxLength":17},"=":{"type":"string","x-is-indexed":"1"}},"required":["+","="]},"keywords":{"type":"object","properties":{"+":{"type":"string","pattern":"((^$)|(^(([0-9]{1})|([1-9]{1}[0-9]+))$))","maxLength":17},"=":{"type":"string","x-is-indexed":"1"}},"required":["+","="]},"slug":{"type":"object","properties":{"+":{"type":"string","pattern":"((^$)|(^(([0-9]{1})|([1-9]{1}[0-9]+))$))","maxLength":17},"=":{"type":"string","x-is-primary":"1","x-is-indexed":"1"},"-":{"type":"string","pattern":"^(1)$","maxLength":1}},"required":["+","="]},"title":{"type":"object","properties":{"+":{"type":"string","pattern":"((^$)|(^(([0-9]{1})|([1-9]{1}[0-9]+))$))","maxLength":17},"=":{"type":"string","x-is-indexed":"1"}},"required":["+","="]}},"required":["description","keywords","slug","title"]}}},"required":["db.posts"]}}}},"400":{"description":"Bad request."},"401":{"description":"Unauthorized."},"402":{"description":"Payment Required."},"403":{"description":"Forbidden."},"404":{"description":"Not found."},"405":{"description":"Method not allowed."},"406":{"description":"Response data did not match the API route.returns format definition."},"408":{"description":"Request timeout."},"409":{"description":"Conflict."},"410":{"description":"Resource was deleted."},"411":{"description":"Length required."},"412":{"description":"API contract version is not acceptable."},"413":{"description":"Payload too large."},"414":{"description":"URI too long."},"415":{"description":"CONTENT-TYPE header value was rejected."},"417":{"description":"Request data did not match the API route.expects format definition."},"421":{"description":"Server error."},"424":{"description":"Method not defined."},"428":{"description":"Precondition required."},"429":{"description":"Too many requests."},"431":{"description":"Request header fields too large."},"440":{"description":"Token expired."},"444":{"description":"Maximum count enforcement."},"449":{"description":"Retry With."},"499":{"description":"DOM response data handling error."},"500":{"description":"Server error."},"501":{"description":"Method not allowed."},"502":{"description":"Request timeout."},"503":{"description":"Service temporarily unavailable."},"504":{"description":"Request timeout."},"505":{"description":"HTTP version is not acceptable."},"511":{"description":"Network Authentication Required."}}},"patch":{"requestBody":{"content":{"application/json":{"schema":{"type":"object","properties":{"description":{"type":"string","x-flags":"","maxLength":512,"x-default":""},"keywords":{"type":"string","x-flags":"","maxLength":512,"x-default":""},"title":{"type":"string","pattern":"^\\S+","x-flags":"","maxLength":128}},"required":[]}}}},"responses":{"200":{"description":"","content":{"application/json":{"schema":{"type":"object","properties":{"db.posts":{"type":"array","items":{"type":"object","properties":{"description":{"type":"object","properties":{"+":{"type":"string","pattern":"((^$)|(^(([0-9]{1})|([1-9]{1}[0-9]+))$))","maxLength":17},"=":{"type":"string","x-is-indexed":"1"}},"required":["+","="]},"keywords":{"type":"object","properties":{"+":{"type":"string","pattern":"((^$)|(^(([0-9]{1})|([1-9]{1}[0-9]+))$))","maxLength":17},"=":{"type":"string","x-is-indexed":"1"}},"required":["+","="]},"slug":{"type":"object","properties":{"+":{"type":"string","pattern":"((^$)|(^(([0-9]{1})|([1-9]{1}[0-9]+))$))","maxLength":17},"=":{"type":"string","x-is-primary":"1","x-is-indexed":"1"},"-":{"type":"string","pattern":"^(1)$","maxLength":1}},"required":["+","="]},"title":{"type":"object","properties":{"+":{"type":"string","pattern":"((^$)|(^(([0-9]{1})|([1-9]{1}[0-9]+))$))","maxLength":17},"=":{"type":"string","x-is-indexed":"1"}},"required":["+","="]}},"required":["description","keywords","slug","title"]}}},"required":["db.posts"]}}}},"400":{"description":"Bad request."},"401":{"description":"Unauthorized."},"402":{"description":"Payment Required."},"403":{"description":"Forbidden."},"404":{"description":"Not found."},"405":{"description":"Method not allowed."},"406":{"description":"Response data did not match the API route.returns format definition."},"408":{"description":"Request timeout."},"409":{"description":"Conflict."},"410":{"description":"Resource was deleted."},"411":{"description":"Length required."},"412":{"description":"API contract version is not acceptable."},"413":{"description":"Payload too large."},"414":{"description":"URI too long."},"415":{"description":"CONTENT-TYPE header value was rejected."},"417":{"description":"Request data did not match the API route.expects format definition."},"421":{"description":"Server error."},"424":{"description":"Method not defined."},"428":{"description":"Precondition required."},"429":{"description":"Too many requests."},"431":{"description":"Request header fields too large."},"440":{"description":"Token expired."},"444":{"description":"Maximum count enforcement."},"449":{"description":"Retry With."},"499":{"description":"DOM response data handling error."},"500":{"description":"Server error."},"501":{"description":"Method not allowed."},"502":{"description":"Request timeout."},"503":{"description":"Service temporarily unavailable."},"504":{"description":"Request timeout."},"505":{"description":"HTTP version is not acceptable."},"511":{"description":"Network Authentication Required."}}}}}}