{"ba6386ed6e82130a":{"schema":{"kSTable":"ba6386ed6e82130a","kJFields":{"kSType":"J","kSRequired":"1","kJKeys":{"description":{"kSType":"S","kRFormat":"","kRFormatFlags":"","kSBytes":"512","kSNormalization":"","kSLowerCase":"0","kSRequired":"0"},"keywords":{"kSType":"S","kRFormat":"","kRFormatFlags":"","kSBytes":"512","kSNormalization":"","kSLowerCase":"0","kSRequired":"0"},"slug":{"kSType":"S","kRFormat":"[a-z0-9]+(((\\-)|(\\_))[a-z0-9]+)*","kRFormatFlags":"","kSBytes":"128","kSNormalization":"NFD","kSLowerCase":"1","kSRequired":"1"},"title":{"kSType":"S","kRFormat":"^\\S+","kRFormatFlags":"","kSBytes":"128","kSNormalization":"","kSLowerCase":"0","kSRequired":"1"}}},"kSPrimary":"slug","kAUnique":[],"kAIndexes":["keywords","description","title","slug"],"kJDefaults":{"keywords":"","description":""},"kJFieldGenerators":{},"kJFieldTransforms":{},"kSTableOriginalFullName":"db.posts"},"data":{}}}